city,latitude,longtitude,date,temperature_max,temperature_min,precipitation_sum,precipitation_probability_max,wind_speed_max,wind_gusts_max,weather_code,extracted_at
Casablanca,33.5992,-7.62,2026-09-21,31.0,20.5,0.0,0,10.9,31.7,2,2026-09-21 00:13:07.410071
Casablanca,33.5992,-7.62,2026-09-22,29.1,20.0,0.0,0,9.2,27.4,45,2026-09-21 00:13:07.410071
Casablanca,33.5992,-7.62,2026-09-23,27.4,19.3,0.0,0,10.7,31.0,45,2026-09-21 00:13:07.410071
Casablanca,33.5992,-7.62,2026-09-24,28.3,18.9,0.0,0,10.1,29.9,1,2026-09-21 00:13:07.410071
Casablanca,33.5992,-7.62,2026-09-25,28.0,18.7,0.0,0,12.3,35.6,45,2026-09-21 00:13:07.410071
Casablanca,33.5992,-7.62,2026-09-26,28.3,19.6,0.0,0,13.7,35.3,45,2026-09-21 00:13:07.410071
Casablanca,33.5992,-7.62,2026-09-27,26.7,19.7,0.0,4,11.0,28.4,45,2026-09-21 00:13:07.410071
Tangier,35.7767,-5.8039,2026-09-21,28.4,23.0,0.0,0,27.4,63.4,2,2026-09-21 00:13:07.610247
Tangier,35.7767,-5.8039,2026-09-22,29.2,21.2,0.0,0,23.2,53.3,3,2026-09-21 00:13:07.610247
Tangier,35.7767,-5.8039,2026-09-23,29.9,20.8,0.0,0,19.6,44.6,2,2026-09-21 00:13:07.610247
Tangier,35.7767,-5.8039,2026-09-24,28.9,21.2,0.0,0,23.4,54.0,1,2026-09-21 00:13:07.610247
Tangier,35.7767,-5.8039,2026-09-25,30.7,20.8,0.0,0,13.2,29.5,2,2026-09-21 00:13:07.610247
Tangier,35.7767,-5.8039,2026-09-26,26.8,22.0,0.0,0,31.8,59.4,3,2026-09-21 00:13:07.610247
Tangier,35.7767,-5.8039,2026-09-27,25.6,21.3,0.0,0,21.7,41.0,3,2026-09-21 00:13:07.610247
Fès,34.0433,-5.0033,2026-09-21,35.4,21.6,0.0,0,10.9,28.8,1,2026-09-21 00:13:07.835088
Fès,34.0433,-5.0033,2026-09-22,34.0,20.2,0.0,0,9.2,25.2,1,2026-09-21 00:13:07.835088
Fès,34.0433,-5.0033,2026-09-23,34.8,19.7,0.0,0,10.5,27.7,1,2026-09-21 00:13:07.835088
Fès,34.0433,-5.0033,2026-09-24,35.5,20.3,0.0,0,13.1,36.0,0,2026-09-21 00:13:07.835088
Fès,34.0433,-5.0033,2026-09-25,36.0,20.4,0.0,0,16.6,41.4,3,2026-09-21 00:13:07.835088
Fès,34.0433,-5.0033,2026-09-26,35.3,21.4,0.0,0,12.2,30.6,3,2026-09-21 00:13:07.835088
Fès,34.0433,-5.0033,2026-09-27,29.6,19.2,0.0,5,6.0,25.2,3,2026-09-21 00:13:07.835088
Marrakech,31.6295,-7.9811,2026-09-21,38.1,23.7,0.0,3,16.8,43.2,3,2026-09-21 00:13:08.027714
Marrakech,31.6295,-7.9811,2026-09-22,37.1,19.5,0.0,0,10.8,30.6,0,2026-09-21 00:13:08.027714
Marrakech,31.6295,-7.9811,2026-09-23,36.8,18.4,0.0,0,8.2,26.6,0,2026-09-21 00:13:08.027714
Marrakech,31.6295,-7.9811,2026-09-24,36.9,18.5,0.0,0,9.2,26.6,2,2026-09-21 00:13:08.027714
Marrakech,31.6295,-7.9811,2026-09-25,36.8,19.1,0.0,0,10.2,31.3,3,2026-09-21 00:13:08.027714
Marrakech,31.6295,-7.9811,2026-09-26,33.8,21.9,0.0,0,12.8,27.0,3,2026-09-21 00:13:08.027714
Marrakech,31.6295,-7.9811,2026-09-27,33.2,20.7,0.0,3,12.2,22.3,3,2026-09-21 00:13:08.027714
Sale,34.05,-6.8167,2026-09-21,31.7,19.9,0.0,0,11.2,30.2,45,2026-09-21 00:13:08.318024
Sale,34.05,-6.8167,2026-09-22,30.8,19.8,0.0,0,9.2,24.8,45,2026-09-21 00:13:08.318024
Sale,34.05,-6.8167,2026-09-23,28.5,18.4,0.0,0,12.5,32.8,45,2026-09-21 00:13:08.318024
Sale,34.05,-6.8167,2026-09-24,30.2,16.7,0.0,0,12.6,33.1,0,2026-09-21 00:13:08.318024
Sale,34.05,-6.8167,2026-09-25,29.3,17.1,0.0,0,13.6,34.9,3,2026-09-21 00:13:08.318024
Sale,34.05,-6.8167,2026-09-26,27.9,19.1,0.0,0,12.1,27.7,45,2026-09-21 00:13:08.318024
Sale,34.05,-6.8167,2026-09-27,25.3,20.0,0.0,3,11.8,27.0,45,2026-09-21 00:13:08.318024
Meknès,33.8833,-5.55,2026-09-21,35.3,20.5,0.0,0,15.5,39.2,2,2026-09-21 00:13:08.522357
Meknès,33.8833,-5.55,2026-09-22,33.0,18.0,0.0,0,13.4,35.6,3,2026-09-21 00:13:08.522357
Meknès,33.8833,-5.55,2026-09-23,33.8,17.8,0.0,0,13.2,34.9,3,2026-09-21 00:13:08.522357
Meknès,33.8833,-5.55,2026-09-24,34.6,17.8,0.0,0,12.6,34.6,0,2026-09-21 00:13:08.522357
Meknès,33.8833,-5.55,2026-09-25,35.2,17.6,0.0,0,16.3,42.8,2,2026-09-21 00:13:08.522357
Meknès,33.8833,-5.55,2026-09-26,33.5,16.6,0.0,0,14.8,34.6,3,2026-09-21 00:13:08.522357
Meknès,33.8833,-5.55,2026-09-27,29.4,18.4,0.0,3,10.2,24.5,3,2026-09-21 00:13:08.522357
Rabat,34.0211,-6.8414,2026-09-21,31.8,19.9,0.0,0,11.2,30.2,45,2026-09-21 00:13:08.731142
Rabat,34.0211,-6.8414,2026-09-22,30.8,19.8,0.0,0,9.2,24.8,45,2026-09-21 00:13:08.731142
Rabat,34.0211,-6.8414,2026-09-23,28.6,18.4,0.0,0,12.5,32.8,45,2026-09-21 00:13:08.731142
Rabat,34.0211,-6.8414,2026-09-24,30.2,16.7,0.0,0,12.6,33.1,0,2026-09-21 00:13:08.731142
Rabat,34.0211,-6.8414,2026-09-25,29.3,17.2,0.0,0,13.6,34.9,3,2026-09-21 00:13:08.731142
Rabat,34.0211,-6.8414,2026-09-26,27.9,19.2,0.0,0,12.1,27.7,45,2026-09-21 00:13:08.731142
Rabat,34.0211,-6.8414,2026-09-27,25.3,20.1,0.0,3,11.8,27.0,45,2026-09-21 00:13:08.731142
Agadir,30.4214,-9.5831,2026-09-21,35.6,22.3,0.0,0,10.1,28.8,3,2026-09-21 00:13:08.938150
Agadir,30.4214,-9.5831,2026-09-22,35.3,25.6,0.0,0,12.7,38.9,3,2026-09-21 00:13:08.938150
Agadir,30.4214,-9.5831,2026-09-23,34.2,24.2,0.0,0,10.9,33.1,2,2026-09-21 00:13:08.938150
Agadir,30.4214,-9.5831,2026-09-24,31.7,22.0,0.0,0,9.5,31.0,0,2026-09-21 00:13:08.938150
Agadir,30.4214,-9.5831,2026-09-25,27.4,21.0,0.0,0,9.9,30.2,3,2026-09-21 00:13:08.938150
Agadir,30.4214,-9.5831,2026-09-26,29.2,21.0,0.0,0,15.4,30.6,3,2026-09-21 00:13:08.938150
Agadir,30.4214,-9.5831,2026-09-27,27.7,20.6,0.0,0,13.7,27.7,45,2026-09-21 00:13:08.938150
Kenitra,34.25,-6.5833,2026-09-21,34.5,19.3,0.0,0,12.2,31.0,45,2026-09-21 00:13:09.170812
Kenitra,34.25,-6.5833,2026-09-22,31.9,19.2,0.0,0,10.7,28.1,3,2026-09-21 00:13:09.170812
Kenitra,34.25,-6.5833,2026-09-23,31.7,17.9,0.0,0,14.2,35.6,45,2026-09-21 00:13:09.170812
Kenitra,34.25,-6.5833,2026-09-24,33.8,17.0,0.0,0,16.2,39.2,0,2026-09-21 00:13:09.170812
Kenitra,34.25,-6.5833,2026-09-25,33.7,17.6,0.0,0,14.5,36.4,3,2026-09-21 00:13:09.170812
Kenitra,34.25,-6.5833,2026-09-26,29.3,19.2,0.0,0,12.3,28.4,45,2026-09-21 00:13:09.170812
Kenitra,34.25,-6.5833,2026-09-27,25.6,20.5,0.0,3,13.7,31.0,3,2026-09-21 00:13:09.170812
Oujda-Angad,34.6867,-1.9114,2026-09-21,28.6,18.2,0.0,0,20.5,41.4,45,2026-09-21 00:13:09.375572
Oujda-Angad,34.6867,-1.9114,2026-09-22,28.0,13.7,0.0,0,17.7,36.7,3,2026-09-21 00:13:09.375572
Oujda-Angad,34.6867,-1.9114,2026-09-23,28.9,15.1,0.0,0,20.4,41.8,1,2026-09-21 00:13:09.375572
Oujda-Angad,34.6867,-1.9114,2026-09-24,29.4,14.7,0.0,0,19.5,42.1,0,2026-09-21 00:13:09.375572
Oujda-Angad,34.6867,-1.9114,2026-09-25,30.7,13.1,0.0,0,16.3,34.0,0,2026-09-21 00:13:09.375572
Oujda-Angad,34.6867,-1.9114,2026-09-26,30.9,14.9,0.0,0,22.9,40.0,1,2026-09-21 00:13:09.375572
Oujda-Angad,34.6867,-1.9114,2026-09-27,31.1,16.7,0.0,4,19.5,35.3,3,2026-09-21 00:13:09.375572
Tétouan,35.5667,-5.3667,2026-09-21,26.3,22.3,0.0,0,23.5,52.2,2,2026-09-21 00:13:09.582436
Tétouan,35.5667,-5.3667,2026-09-22,26.7,20.3,0.0,0,17.1,41.0,3,2026-09-21 00:13:09.582436
Tétouan,35.5667,-5.3667,2026-09-23,26.1,19.1,0.0,0,16.7,40.7,2,2026-09-21 00:13:09.582436
Tétouan,35.5667,-5.3667,2026-09-24,26.5,20.5,0.0,0,18.7,46.4,2,2026-09-21 00:13:09.582436
Tétouan,35.5667,-5.3667,2026-09-25,27.8,19.4,0.0,0,12.5,31.7,3,2026-09-21 00:13:09.582436
Tétouan,35.5667,-5.3667,2026-09-26,26.3,20.7,0.0,0,20.7,49.3,3,2026-09-21 00:13:09.582436
Tétouan,35.5667,-5.3667,2026-09-27,24.7,21.3,0.0,3,15.5,37.1,3,2026-09-21 00:13:09.582436
Safi,32.2833,-9.2333,2026-09-21,27.6,19.5,0.0,0,7.6,16.6,3,2026-09-21 00:13:09.781684
Safi,32.2833,-9.2333,2026-09-22,31.1,19.3,0.0,0,15.4,30.2,2,2026-09-21 00:13:09.781684
Safi,32.2833,-9.2333,2026-09-23,28.0,19.4,0.0,0,18.4,33.8,3,2026-09-21 00:13:09.781684
Safi,32.2833,-9.2333,2026-09-24,27.3,19.6,0.0,0,15.0,29.9,0,2026-09-21 00:13:09.781684
Safi,32.2833,-9.2333,2026-09-25,29.3,20.0,0.0,0,19.3,36.4,3,2026-09-21 00:13:09.781684
Safi,32.2833,-9.2333,2026-09-26,29.6,20.7,0.0,0,15.4,30.6,45,2026-09-21 00:13:09.781684
Safi,32.2833,-9.2333,2026-09-27,30.2,19.0,0.0,4,15.3,28.4,45,2026-09-21 00:13:09.781684
Taourirt,34.41,-2.89,2026-09-21,30.0,20.2,0.0,0,27.6,45.0,3,2026-09-21 00:13:09.974862
Taourirt,34.41,-2.89,2026-09-22,29.9,17.0,0.0,0,22.2,35.6,3,2026-09-21 00:13:09.974862
Taourirt,34.41,-2.89,2026-09-23,30.7,17.4,0.0,0,28.5,46.4,1,2026-09-21 00:13:09.974862
Taourirt,34.41,-2.89,2026-09-24,30.6,17.4,0.0,0,29.7,50.0,1,2026-09-21 00:13:09.974862
Taourirt,34.41,-2.89,2026-09-25,32.8,15.8,0.0,0,17.1,30.9,0,2026-09-21 00:13:09.974862
Taourirt,34.41,-2.89,2026-09-26,31.7,16.7,0.0,0,30.1,49.0,3,2026-09-21 00:13:09.974862
Taourirt,34.41,-2.89,2026-09-27,29.5,17.1,0.0,5,16.2,26.3,3,2026-09-21 00:13:09.974862
Temara,33.9234,-6.9076,2026-09-21,32.4,19.9,0.0,0,11.5,32.0,2,2026-09-21 00:13:10.221978
Temara,33.9234,-6.9076,2026-09-22,30.4,20.1,0.0,0,9.5,26.6,45,2026-09-21 00:13:10.221978
Temara,33.9234,-6.9076,2026-09-23,28.9,18.4,0.0,0,12.1,33.1,45,2026-09-21 00:13:10.221978
Temara,33.9234,-6.9076,2026-09-24,29.9,16.5,0.0,0,12.2,32.4,0,2026-09-21 00:13:10.221978
Temara,33.9234,-6.9076,2026-09-25,29.5,16.9,0.0,0,12.7,34.2,3,2026-09-21 00:13:10.221978
Temara,33.9234,-6.9076,2026-09-26,25.5,19.2,0.0,0,14.0,27.7,45,2026-09-21 00:13:10.221978
Temara,33.9234,-6.9076,2026-09-27,24.2,19.8,0.0,3,12.9,25.2,45,2026-09-21 00:13:10.221978
Laâyoune,27.15,-13.2,2026-09-21,39.7,21.3,0.0,2,26.5,50.4,3,2026-09-21 00:13:10.417253
Laâyoune,27.15,-13.2,2026-09-22,40.4,21.4,0.0,0,27.1,51.8,3,2026-09-21 00:13:10.417253
Laâyoune,27.15,-13.2,2026-09-23,42.6,24.9,0.0,0,30.5,58.0,1,2026-09-21 00:13:10.417253
Laâyoune,27.15,-13.2,2026-09-24,41.4,25.1,0.0,0,24.5,45.4,3,2026-09-21 00:13:10.417253
Laâyoune,27.15,-13.2,2026-09-25,35.2,20.6,0.0,0,20.7,39.6,3,2026-09-21 00:13:10.417253
Laâyoune,27.15,-13.2,2026-09-26,30.0,21.7,0.0,2,19.6,42.5,3,2026-09-21 00:13:10.417253
Laâyoune,27.15,-13.2,2026-09-27,25.6,20.3,0.0,2,13.4,37.8,3,2026-09-21 00:13:10.417253
El Jadid,33.2566,-8.5025,2026-09-21,28.1,20.7,0.0,0,14.4,26.6,45,2026-09-21 00:13:10.630103
El Jadid,33.2566,-8.5025,2026-09-22,26.5,19.7,0.0,0,13.0,24.1,45,2026-09-21 00:13:10.630103
El Jadid,33.2566,-8.5025,2026-09-23,25.8,20.2,0.0,0,15.1,27.4,45,2026-09-21 00:13:10.630103
El Jadid,33.2566,-8.5025,2026-09-24,26.9,19.9,0.0,0,14.5,27.7,45,2026-09-21 00:13:10.630103
El Jadid,33.2566,-8.5025,2026-09-25,26.4,20.3,0.0,0,18.3,37.7,45,2026-09-21 00:13:10.630103
El Jadid,33.2566,-8.5025,2026-09-26,27.7,20.3,0.0,0,13.7,27.7,45,2026-09-21 00:13:10.630103
El Jadid,33.2566,-8.5025,2026-09-27,26.0,20.4,0.0,3,13.7,27.4,45,2026-09-21 00:13:10.630103
Ait Melloul,30.3342,-9.4972,2026-09-21,38.6,21.7,0.0,0,14.7,29.5,3,2026-09-21 00:13:10.830609
Ait Melloul,30.3342,-9.4972,2026-09-22,35.9,22.9,0.0,0,20.4,40.7,3,2026-09-21 00:13:10.830609
Ait Melloul,30.3342,-9.4972,2026-09-23,34.9,21.7,0.0,0,16.9,34.2,2,2026-09-21 00:13:10.830609
Ait Melloul,30.3342,-9.4972,2026-09-24,28.9,19.4,0.0,0,15.5,34.6,1,2026-09-21 00:13:10.830609
Ait Melloul,30.3342,-9.4972,2026-09-25,25.6,18.5,0.0,0,16.8,33.8,3,2026-09-21 00:13:10.830609
Ait Melloul,30.3342,-9.4972,2026-09-26,29.5,21.3,0.0,0,15.4,30.6,3,2026-09-21 00:13:10.830609
Ait Melloul,30.3342,-9.4972,2026-09-27,28.0,20.8,0.0,0,13.7,27.7,45,2026-09-21 00:13:10.830609
Béni Mellal,32.3394,-6.3608,2026-09-21,35.3,24.2,0.0,3,17.1,36.4,3,2026-09-21 00:13:11.073672
Béni Mellal,32.3394,-6.3608,2026-09-22,34.2,23.0,0.0,0,16.2,33.8,1,2026-09-21 00:13:11.073672
Béni Mellal,32.3394,-6.3608,2026-09-23,34.9,22.1,0.0,0,14.5,30.2,0,2026-09-21 00:13:11.073672
Béni Mellal,32.3394,-6.3608,2026-09-24,35.3,22.5,0.0,0,13.3,28.4,0,2026-09-21 00:13:11.073672
Béni Mellal,32.3394,-6.3608,2026-09-25,35.3,22.3,0.0,0,16.1,36.0,3,2026-09-21 00:13:11.073672
Béni Mellal,32.3394,-6.3608,2026-09-26,33.8,23.9,0.0,0,18.4,35.3,3,2026-09-21 00:13:11.073672
Béni Mellal,32.3394,-6.3608,2026-09-27,32.2,22.0,0.0,5,16.7,31.7,3,2026-09-21 00:13:11.073672
Bouskoura,33.4489,-7.6486,2026-09-21,36.6,20.6,0.0,0,16.7,41.0,2,2026-09-21 00:13:11.270871
Bouskoura,33.4489,-7.6486,2026-09-22,33.3,19.0,0.0,0,13.3,34.2,3,2026-09-21 00:13:11.270871
Bouskoura,33.4489,-7.6486,2026-09-23,31.4,17.9,0.0,0,15.8,38.9,45,2026-09-21 00:13:11.270871
Bouskoura,33.4489,-7.6486,2026-09-24,32.3,18.0,0.0,0,14.3,36.4,0,2026-09-21 00:13:11.270871
Bouskoura,33.4489,-7.6486,2026-09-25,32.1,17.2,0.0,0,16.6,41.0,45,2026-09-21 00:13:11.270871
Bouskoura,33.4489,-7.6486,2026-09-26,27.5,18.8,0.0,0,13.7,35.3,45,2026-09-21 00:13:11.270871
Bouskoura,33.4489,-7.6486,2026-09-27,25.9,18.9,0.0,4,11.0,28.4,45,2026-09-21 00:13:11.270871
Tiznit,29.7,-9.7269,2026-09-21,38.6,23.4,0.0,0,16.5,27.7,3,2026-09-21 00:13:11.467443
Tiznit,29.7,-9.7269,2026-09-22,38.1,25.8,0.0,0,18.4,30.2,3,2026-09-21 00:13:11.467443
Tiznit,29.7,-9.7269,2026-09-23,36.6,24.6,0.0,0,20.1,32.0,3,2026-09-21 00:13:11.467443
Tiznit,29.7,-9.7269,2026-09-24,32.7,21.1,0.0,0,13.6,23.4,0,2026-09-21 00:13:11.467443
Tiznit,29.7,-9.7269,2026-09-25,30.2,20.1,0.0,0,13.0,23.0,3,2026-09-21 00:13:11.467443
Tiznit,29.7,-9.7269,2026-09-26,25.9,20.3,0.0,0,15.6,26.3,3,2026-09-21 00:13:11.467443
Tiznit,29.7,-9.7269,2026-09-27,25.7,20.0,0.0,0,13.9,23.8,3,2026-09-21 00:13:11.467443
Mohammedia,33.6833,-7.3833,2026-09-21,29.5,19.6,0.0,0,13.4,32.8,45,2026-09-21 00:13:11.670247
Mohammedia,33.6833,-7.3833,2026-09-22,28.1,19.2,0.0,0,9.8,25.6,45,2026-09-21 00:13:11.670247
Mohammedia,33.6833,-7.3833,2026-09-23,26.4,19.7,0.0,0,12.3,30.2,45,2026-09-21 00:13:11.670247
Mohammedia,33.6833,-7.3833,2026-09-24,27.2,17.4,0.0,0,11.8,29.2,0,2026-09-21 00:13:11.670247
Mohammedia,33.6833,-7.3833,2026-09-25,27.3,17.5,0.0,0,14.4,35.3,45,2026-09-21 00:13:11.670247
Mohammedia,33.6833,-7.3833,2026-09-26,30.1,18.3,0.0,0,16.8,31.0,45,2026-09-21 00:13:11.670247
Mohammedia,33.6833,-7.3833,2026-09-27,27.4,19.3,0.0,4,12.7,26.6,45,2026-09-21 00:13:11.670247
Kouribga,32.88,-6.9,2026-09-21,34.8,22.0,0.0,0,22.3,45.4,2,2026-09-21 00:13:11.902310
Kouribga,32.88,-6.9,2026-09-22,34.1,21.3,0.0,0,19.5,39.6,3,2026-09-21 00:13:11.902310
Kouribga,32.88,-6.9,2026-09-23,33.9,19.5,0.0,0,22.1,42.8,1,2026-09-21 00:13:11.902310
Kouribga,32.88,-6.9,2026-09-24,34.7,19.4,0.0,0,18.4,36.0,0,2026-09-21 00:13:11.902310
Kouribga,32.88,-6.9,2026-09-25,34.5,19.3,0.0,0,18.9,38.8,3,2026-09-21 00:13:11.902310
Kouribga,32.88,-6.9,2026-09-26,31.9,17.4,0.0,0,20.7,41.8,3,2026-09-21 00:13:11.902310
Kouribga,32.88,-6.9,2026-09-27,29.5,16.1,0.0,3,20.5,41.4,3,2026-09-21 00:13:11.902310
Settat,33.0023,-7.6198,2026-09-21,38.5,21.9,0.0,0,21.8,49.3,2,2026-09-21 00:13:12.146894
Settat,33.0023,-7.6198,2026-09-22,36.2,20.1,0.0,0,18.9,40.3,3,2026-09-21 00:13:12.146894
Settat,33.0023,-7.6198,2026-09-23,35.4,18.1,0.0,0,18.6,39.6,2,2026-09-21 00:13:12.146894
Settat,33.0023,-7.6198,2026-09-24,36.1,19.8,0.0,0,16.7,37.4,0,2026-09-21 00:13:12.146894
Settat,33.0023,-7.6198,2026-09-25,35.8,19.0,0.0,0,19.0,43.1,3,2026-09-21 00:13:12.146894
Settat,33.0023,-7.6198,2026-09-26,32.3,17.4,0.0,0,19.6,38.5,45,2026-09-21 00:13:12.146894
Settat,33.0023,-7.6198,2026-09-27,29.8,17.2,0.0,3,15.7,34.6,45,2026-09-21 00:13:12.146894
Barrechid,33.27,-7.5872,2026-09-21,39.2,19.8,0.0,0,25.3,45.7,2,2026-09-21 00:13:12.372407
Barrechid,33.27,-7.5872,2026-09-22,36.1,18.1,0.0,0,20.5,37.8,3,2026-09-21 00:13:12.372407
Barrechid,33.27,-7.5872,2026-09-23,34.9,16.8,0.0,0,19.6,35.6,45,2026-09-21 00:13:12.372407
Barrechid,33.27,-7.5872,2026-09-24,35.6,17.5,0.0,0,21.0,38.9,0,2026-09-21 00:13:12.372407
Barrechid,33.27,-7.5872,2026-09-25,35.0,15.9,0.0,0,22.7,41.3,3,2026-09-21 00:13:12.372407
Barrechid,33.27,-7.5872,2026-09-26,31.1,17.7,0.0,0,19.2,34.9,45,2026-09-21 00:13:12.372407
Barrechid,33.27,-7.5872,2026-09-27,28.9,17.9,0.0,4,15.0,29.2,45,2026-09-21 00:13:12.372407
Ad Dakhla,23.7167,-15.95,2026-09-21,22.5,19.9,0.3,9,29.4,38.2,51,2026-09-21 00:13:12.644359
Ad Dakhla,23.7167,-15.95,2026-09-22,22.1,20.4,0.2,12,32.0,39.6,51,2026-09-21 00:13:12.644359
Ad Dakhla,23.7167,-15.95,2026-09-23,23.4,21.0,0.1,6,42.5,53.3,51,2026-09-21 00:13:12.644359
Ad Dakhla,23.7167,-15.95,2026-09-24,33.2,23.2,0.0,0,42.5,53.6,3,2026-09-21 00:13:12.644359
Ad Dakhla,23.7167,-15.95,2026-09-25,26.4,22.4,0.0,4,34.5,50.4,3,2026-09-21 00:13:12.644359
Ad Dakhla,23.7167,-15.95,2026-09-26,24.9,21.0,0.0,10,19.7,31.3,3,2026-09-21 00:13:12.644359
Ad Dakhla,23.7167,-15.95,2026-09-27,26.1,21.6,82.4,16,31.9,43.9,95,2026-09-21 00:13:12.644359
Nador,35.1667,-2.9333,2026-09-21,25.6,23.0,0.3,0,17.4,37.4,80,2026-09-21 00:13:12.871233
Nador,35.1667,-2.9333,2026-09-22,25.3,20.6,0.0,0,12.5,27.7,3,2026-09-21 00:13:12.871233
Nador,35.1667,-2.9333,2026-09-23,25.4,19.5,0.0,0,11.9,25.9,45,2026-09-21 00:13:12.871233
Nador,35.1667,-2.9333,2026-09-24,26.1,20.9,0.0,0,13.0,29.5,2,2026-09-21 00:13:12.871233
Nador,35.1667,-2.9333,2026-09-25,27.6,19.9,0.0,0,9.7,23.4,2,2026-09-21 00:13:12.871233
Nador,35.1667,-2.9333,2026-09-26,26.5,18.6,0.0,0,19.7,34.2,45,2026-09-21 00:13:12.871233
Nador,35.1667,-2.9333,2026-09-27,25.7,18.5,0.0,3,16.7,27.4,45,2026-09-21 00:13:12.871233
Taza,34.2144,-4.0088,2026-09-21,29.7,19.7,0.0,0,20.6,41.8,3,2026-09-21 00:13:13.081350
Taza,34.2144,-4.0088,2026-09-22,30.2,17.8,0.0,0,15.5,32.0,2,2026-09-21 00:13:13.081350
Taza,34.2144,-4.0088,2026-09-23,30.8,15.7,0.0,0,18.1,37.4,1,2026-09-21 00:13:13.081350
Taza,34.2144,-4.0088,2026-09-24,30.8,18.4,0.0,0,20.7,41.8,0,2026-09-21 00:13:13.081350
Taza,34.2144,-4.0088,2026-09-25,32.0,16.3,0.0,0,16.5,33.8,3,2026-09-21 00:13:13.081350
Taza,34.2144,-4.0088,2026-09-26,32.5,17.6,0.0,0,22.2,41.8,3,2026-09-21 00:13:13.081350
Taza,34.2144,-4.0088,2026-09-27,29.4,18.6,0.0,3,13.0,23.8,3,2026-09-21 00:13:13.081350
Inezgane,30.3658,-9.5381,2026-09-21,35.1,20.8,0.0,0,8.6,27.0,3,2026-09-21 00:13:13.294886
Inezgane,30.3658,-9.5381,2026-09-22,32.9,22.8,0.0,0,14.0,40.0,3,2026-09-21 00:13:13.294886
Inezgane,30.3658,-9.5381,2026-09-23,32.0,21.5,0.0,0,11.5,32.8,2,2026-09-21 00:13:13.294886
Inezgane,30.3658,-9.5381,2026-09-24,27.6,19.3,0.0,0,10.9,31.7,0,2026-09-21 00:13:13.294886
Inezgane,30.3658,-9.5381,2026-09-25,24.5,18.9,0.0,0,11.9,31.7,45,2026-09-21 00:13:13.294886
Inezgane,30.3658,-9.5381,2026-09-26,29.5,21.3,0.0,0,15.4,30.6,3,2026-09-21 00:13:13.294886
Inezgane,30.3658,-9.5381,2026-09-27,28.0,20.9,0.0,0,13.7,27.7,45,2026-09-21 00:13:13.294886
Larache,35.1833,-6.15,2026-09-21,33.1,21.8,0.0,0,16.9,31.0,0,2026-09-21 00:13:13.500071
Larache,35.1833,-6.15,2026-09-22,31.5,20.2,0.0,0,16.6,31.0,3,2026-09-21 00:13:13.500071
Larache,35.1833,-6.15,2026-09-23,30.9,17.7,0.0,0,14.0,26.6,0,2026-09-21 00:13:13.500071
Larache,35.1833,-6.15,2026-09-24,32.9,17.3,0.0,0,17.0,34.9,0,2026-09-21 00:13:13.500071
Larache,35.1833,-6.15,2026-09-25,30.2,17.3,0.0,0,14.2,26.5,3,2026-09-21 00:13:13.500071
Larache,35.1833,-6.15,2026-09-26,28.1,16.6,0.0,0,15.3,27.7,3,2026-09-21 00:13:13.500071
Larache,35.1833,-6.15,2026-09-27,26.8,17.7,0.0,3,11.3,21.2,45,2026-09-21 00:13:13.500071
Al Khmissat,33.81,-6.06,2026-09-21,36.8,20.9,0.0,0,18.1,36.7,2,2026-09-21 00:13:13.706295
Al Khmissat,33.81,-6.06,2026-09-22,34.4,18.7,0.0,0,12.6,26.3,3,2026-09-21 00:13:13.706295
Al Khmissat,33.81,-6.06,2026-09-23,34.6,19.0,0.0,0,17.5,37.1,0,2026-09-21 00:13:13.706295
Al Khmissat,33.81,-6.06,2026-09-24,35.5,18.5,0.0,0,18.0,41.4,0,2026-09-21 00:13:13.706295
Al Khmissat,33.81,-6.06,2026-09-25,35.7,18.9,0.0,0,17.3,33.1,3,2026-09-21 00:13:13.706295
Al Khmissat,33.81,-6.06,2026-09-26,33.8,14.4,0.0,3,18.9,34.2,3,2026-09-21 00:13:13.706295
Al Khmissat,33.81,-6.06,2026-09-27,28.7,15.0,0.0,3,14.4,25.9,3,2026-09-21 00:13:13.706295
Guelmim,28.9833,-10.0667,2026-09-21,39.9,22.2,0.0,0,18.6,33.5,3,2026-09-21 00:13:13.938186
Guelmim,28.9833,-10.0667,2026-09-22,39.5,26.3,0.0,16,22.8,38.5,3,2026-09-21 00:13:13.938186
Guelmim,28.9833,-10.0667,2026-09-23,39.6,25.3,0.0,0,27.9,47.2,2,2026-09-21 00:13:13.938186
Guelmim,28.9833,-10.0667,2026-09-24,37.9,18.4,0.0,0,20.7,40.3,1,2026-09-21 00:13:13.938186
Guelmim,28.9833,-10.0667,2026-09-25,37.3,17.3,0.0,0,21.5,39.2,3,2026-09-21 00:13:13.938186
Guelmim,28.9833,-10.0667,2026-09-26,30.2,18.4,0.0,0,11.7,31.3,3,2026-09-21 00:13:13.938186
Guelmim,28.9833,-10.0667,2026-09-27,26.9,17.7,0.0,0,15.6,37.4,3,2026-09-21 00:13:13.938186
Ksar El Kebir,35.0,-5.9,2026-09-21,36.9,21.6,0.0,0,15.8,29.2,0,2026-09-21 00:13:14.128027
Ksar El Kebir,35.0,-5.9,2026-09-22,35.6,19.9,0.0,0,14.3,27.0,3,2026-09-21 00:13:14.128027
Ksar El Kebir,35.0,-5.9,2026-09-23,35.1,18.3,0.0,0,17.5,32.8,0,2026-09-21 00:13:14.128027
Ksar El Kebir,35.0,-5.9,2026-09-24,36.6,18.0,0.0,0,18.8,34.6,0,2026-09-21 00:13:14.128027
Ksar El Kebir,35.0,-5.9,2026-09-25,36.0,17.3,0.0,0,17.5,33.8,3,2026-09-21 00:13:14.128027
Ksar El Kebir,35.0,-5.9,2026-09-26,34.1,17.7,0.0,0,20.1,37.4,3,2026-09-21 00:13:14.128027
Ksar El Kebir,35.0,-5.9,2026-09-27,29.4,19.0,0.0,3,12.3,25.6,45,2026-09-21 00:13:14.128027
Khénifra,32.93,-5.66,2026-09-21,34.1,19.9,0.0,0,20.4,38.5,2,2026-09-21 00:13:14.322021
Khénifra,32.93,-5.66,2026-09-22,32.9,16.7,0.0,0,16.7,31.0,2,2026-09-21 00:13:14.322021
Khénifra,32.93,-5.66,2026-09-23,33.2,16.3,0.0,0,14.6,29.2,1,2026-09-21 00:13:14.322021
Khénifra,32.93,-5.66,2026-09-24,34.0,16.2,0.0,0,12.1,24.5,1,2026-09-21 00:13:14.322021
Khénifra,32.93,-5.66,2026-09-25,33.8,16.7,0.0,0,8.6,19.4,3,2026-09-21 00:13:14.322021
Khénifra,32.93,-5.66,2026-09-26,33.2,18.0,0.0,3,16.3,32.0,3,2026-09-21 00:13:14.322021
Khénifra,32.93,-5.66,2026-09-27,30.4,15.6,0.0,9,16.0,32.8,3,2026-09-21 00:13:14.322021
Skhirate,33.85,-7.03,2026-09-21,29.2,19.7,0.0,0,12.7,29.5,2,2026-09-21 00:13:14.519898
Skhirate,33.85,-7.03,2026-09-22,27.8,19.4,0.0,0,9.7,23.0,45,2026-09-21 00:13:14.519898
Skhirate,33.85,-7.03,2026-09-23,26.5,18.0,0.0,0,13.8,31.3,45,2026-09-21 00:13:14.519898
Skhirate,33.85,-7.03,2026-09-24,27.7,16.6,0.0,0,12.4,27.0,0,2026-09-21 00:13:14.519898
Skhirate,33.85,-7.03,2026-09-25,27.3,17.0,0.0,0,14.1,31.7,3,2026-09-21 00:13:14.519898
Skhirate,33.85,-7.03,2026-09-26,25.6,19.3,0.0,0,14.0,27.7,45,2026-09-21 00:13:14.519898
Skhirate,33.85,-7.03,2026-09-27,24.3,19.9,0.0,4,12.9,25.2,45,2026-09-21 00:13:14.519898
Beni Yakhlef,33.6555,-7.3221,2026-09-21,34.3,19.2,0.0,0,17.8,33.1,2,2026-09-21 00:13:14.719315
Beni Yakhlef,33.6555,-7.3221,2026-09-22,31.7,18.1,0.0,0,14.2,26.3,45,2026-09-21 00:13:14.719315
Beni Yakhlef,33.6555,-7.3221,2026-09-23,29.7,18.5,0.0,0,17.5,32.8,45,2026-09-21 00:13:14.719315
Beni Yakhlef,33.6555,-7.3221,2026-09-24,30.4,16.4,0.0,0,16.3,31.7,0,2026-09-21 00:13:14.719315
Beni Yakhlef,33.6555,-7.3221,2026-09-25,30.6,16.1,0.0,0,19.5,36.4,45,2026-09-21 00:13:14.719315
Beni Yakhlef,33.6555,-7.3221,2026-09-26,29.6,17.8,0.0,0,16.8,31.0,45,2026-09-21 00:13:14.719315
Beni Yakhlef,33.6555,-7.3221,2026-09-27,26.9,18.8,0.0,4,12.7,26.6,45,2026-09-21 00:13:14.719315
Sidi Yahya Zaer,33.7105,-6.8831,2026-09-21,37.0,20.7,0.0,0,19.6,39.2,2,2026-09-21 00:13:14.983579
Sidi Yahya Zaer,33.7105,-6.8831,2026-09-22,33.6,19.2,0.0,0,15.6,32.0,3,2026-09-21 00:13:14.983579
Sidi Yahya Zaer,33.7105,-6.8831,2026-09-23,33.8,17.8,0.0,0,19.5,39.6,0,2026-09-21 00:13:14.983579
Sidi Yahya Zaer,33.7105,-6.8831,2026-09-24,33.2,18.1,0.0,0,16.9,36.4,0,2026-09-21 00:13:14.983579
Sidi Yahya Zaer,33.7105,-6.8831,2026-09-25,33.6,18.2,0.0,0,18.4,37.1,3,2026-09-21 00:13:14.983579
Sidi Yahya Zaer,33.7105,-6.8831,2026-09-26,31.1,14.9,0.0,0,15.3,31.0,45,2026-09-21 00:13:14.983579
Sidi Yahya Zaer,33.7105,-6.8831,2026-09-27,25.9,15.3,0.0,4,12.8,30.2,45,2026-09-21 00:13:14.983579
Ben Guerir,32.23,-7.95,2026-09-21,38.1,24.0,0.0,0,21.0,43.2,3,2026-09-21 00:13:15.190831
Ben Guerir,32.23,-7.95,2026-09-22,36.1,22.2,0.0,0,14.6,31.0,1,2026-09-21 00:13:15.190831
Ben Guerir,32.23,-7.95,2026-09-23,35.8,19.7,0.0,0,15.2,31.7,0,2026-09-21 00:13:15.190831
Ben Guerir,32.23,-7.95,2026-09-24,36.2,20.0,0.0,0,15.6,31.7,0,2026-09-21 00:13:15.190831
Ben Guerir,32.23,-7.95,2026-09-25,35.8,19.2,0.0,0,18.9,34.5,3,2026-09-21 00:13:15.190831
Ben Guerir,32.23,-7.95,2026-09-26,33.5,20.2,0.0,0,19.7,37.8,3,2026-09-21 00:13:15.190831
Ben Guerir,32.23,-7.95,2026-09-27,32.1,17.9,0.0,3,19.2,34.6,3,2026-09-21 00:13:15.190831
Ait Ali,30.1739,-9.4881,2026-09-21,39.9,21.9,0.0,0,15.8,26.6,3,2026-09-21 00:13:15.386857
Ait Ali,30.1739,-9.4881,2026-09-22,37.9,23.9,0.0,0,24.2,40.7,3,2026-09-21 00:13:15.386857
Ait Ali,30.1739,-9.4881,2026-09-23,37.0,22.9,0.0,0,21.3,35.6,2,2026-09-21 00:13:15.386857
Ait Ali,30.1739,-9.4881,2026-09-24,30.1,20.0,0.0,0,16.5,29.9,0,2026-09-21 00:13:15.386857
Ait Ali,30.1739,-9.4881,2026-09-25,27.3,19.1,0.0,0,18.2,31.0,3,2026-09-21 00:13:15.386857
Ait Ali,30.1739,-9.4881,2026-09-26,28.2,21.0,0.0,0,19.2,33.8,3,2026-09-21 00:13:15.386857
Ait Ali,30.1739,-9.4881,2026-09-27,26.7,20.7,0.0,0,17.2,30.6,3,2026-09-21 00:13:15.386857
My Drarga,30.3805,-9.4763,2026-09-21,37.8,21.8,0.0,0,17.3,31.3,3,2026-09-21 00:13:15.599212
My Drarga,30.3805,-9.4763,2026-09-22,35.3,23.8,0.0,0,19.1,41.4,3,2026-09-21 00:13:15.599212
My Drarga,30.3805,-9.4763,2026-09-23,34.6,22.7,0.0,0,14.8,32.0,2,2026-09-21 00:13:15.599212
My Drarga,30.3805,-9.4763,2026-09-24,30.9,20.5,0.0,0,11.3,27.4,0,2026-09-21 00:13:15.599212
My Drarga,30.3805,-9.4763,2026-09-25,26.3,19.7,0.0,0,12.7,28.1,45,2026-09-21 00:13:15.599212
My Drarga,30.3805,-9.4763,2026-09-26,29.4,21.2,0.0,0,15.4,30.6,3,2026-09-21 00:13:15.599212
My Drarga,30.3805,-9.4763,2026-09-27,27.9,20.7,0.0,0,13.7,27.7,45,2026-09-21 00:13:15.599212
Lqoliaa,30.2942,-9.4544,2026-09-21,39.9,21.6,0.0,0,15.5,33.1,3,2026-09-21 00:13:15.822324
Lqoliaa,30.2942,-9.4544,2026-09-22,37.8,22.7,0.0,0,21.8,49.0,3,2026-09-21 00:13:15.822324
Lqoliaa,30.2942,-9.4544,2026-09-23,37.3,21.6,0.0,0,19.4,41.8,2,2026-09-21 00:13:15.822324
Lqoliaa,30.2942,-9.4544,2026-09-24,31.4,18.9,0.0,0,17.0,38.5,0,2026-09-21 00:13:15.822324
Lqoliaa,30.2942,-9.4544,2026-09-25,27.3,18.2,0.0,0,18.6,40.0,3,2026-09-21 00:13:15.822324
Lqoliaa,30.2942,-9.4544,2026-09-26,27.3,20.3,0.0,0,18.7,41.4,3,2026-09-21 00:13:15.822324
Lqoliaa,30.2942,-9.4544,2026-09-27,26.4,19.6,0.0,0,16.8,37.8,45,2026-09-21 00:13:15.822324
El Kelaa des Srarhna,32.05,-7.4,2026-09-21,37.7,23.2,0.0,3,19.7,32.8,2,2026-09-21 00:13:16.014967
El Kelaa des Srarhna,32.05,-7.4,2026-09-22,36.4,21.1,0.0,0,14.9,25.9,2,2026-09-21 00:13:16.014967
El Kelaa des Srarhna,32.05,-7.4,2026-09-23,36.0,19.4,0.0,0,13.9,24.5,0,2026-09-21 00:13:16.014967
El Kelaa des Srarhna,32.05,-7.4,2026-09-24,36.7,18.8,0.0,0,11.6,24.1,1,2026-09-21 00:13:16.014967
El Kelaa des Srarhna,32.05,-7.4,2026-09-25,36.4,18.8,0.0,0,14.8,25.9,3,2026-09-21 00:13:16.014967
El Kelaa des Srarhna,32.05,-7.4,2026-09-26,33.5,21.3,0.0,0,16.5,29.2,3,2026-09-21 00:13:16.014967
El Kelaa des Srarhna,32.05,-7.4,2026-09-27,32.5,19.9,0.0,4,15.9,26.6,3,2026-09-21 00:13:16.014967
Moulay Abdallah,33.1978,-8.5883,2026-09-21,30.7,21.0,0.0,0,15.8,24.5,45,2026-09-21 00:13:16.223182
Moulay Abdallah,33.1978,-8.5883,2026-09-22,28.4,20.0,0.0,0,15.5,24.1,45,2026-09-21 00:13:16.223182
Moulay Abdallah,33.1978,-8.5883,2026-09-23,27.0,20.5,0.0,0,16.9,27.0,45,2026-09-21 00:13:16.223182
Moulay Abdallah,33.1978,-8.5883,2026-09-24,27.9,20.0,0.0,0,16.6,27.4,45,2026-09-21 00:13:16.223182
Moulay Abdallah,33.1978,-8.5883,2026-09-25,28.3,20.5,0.0,0,21.1,38.8,45,2026-09-21 00:13:16.223182
Moulay Abdallah,33.1978,-8.5883,2026-09-26,27.4,20.3,0.0,0,13.5,26.6,45,2026-09-21 00:13:16.223182
Moulay Abdallah,33.1978,-8.5883,2026-09-27,26.2,20.4,0.0,3,14.5,27.7,45,2026-09-21 00:13:16.223182
Tiflet,33.9,-6.33,2026-09-21,36.8,21.7,0.0,0,17.8,36.0,2,2026-09-21 00:13:16.538038
Tiflet,33.9,-6.33,2026-09-22,34.1,21.4,0.0,0,13.5,28.4,3,2026-09-21 00:13:16.538038
Tiflet,33.9,-6.33,2026-09-23,34.6,20.0,0.0,0,17.1,35.6,0,2026-09-21 00:13:16.538038
Tiflet,33.9,-6.33,2026-09-24,35.3,18.7,0.0,0,15.5,39.2,0,2026-09-21 00:13:16.538038
Tiflet,33.9,-6.33,2026-09-25,35.9,20.8,0.0,0,16.8,37.4,3,2026-09-21 00:13:16.538038
Tiflet,33.9,-6.33,2026-09-26,33.7,20.2,0.0,0,17.2,35.3,3,2026-09-21 00:13:16.538038
Tiflet,33.9,-6.33,2026-09-27,27.4,19.2,0.0,3,13.9,31.0,45,2026-09-21 00:13:16.538038
Oulad Teïma,30.4,-9.21,2026-09-21,40.7,22.0,0.0,0,21.3,40.0,3,2026-09-21 00:13:16.770616
Oulad Teïma,30.4,-9.21,2026-09-22,39.9,22.3,0.0,0,29.4,54.7,3,2026-09-21 00:13:16.770616
Oulad Teïma,30.4,-9.21,2026-09-23,39.6,21.4,0.0,0,25.0,45.7,2,2026-09-21 00:13:16.770616
Oulad Teïma,30.4,-9.21,2026-09-24,37.5,19.7,0.0,0,20.9,38.9,0,2026-09-21 00:13:16.770616
Oulad Teïma,30.4,-9.21,2026-09-25,32.2,18.9,0.0,0,24.0,43.2,3,2026-09-21 00:13:16.770616
Oulad Teïma,30.4,-9.21,2026-09-26,29.8,19.8,0.0,0,28.7,49.3,3,2026-09-21 00:13:16.770616
Oulad Teïma,30.4,-9.21,2026-09-27,27.7,19.4,0.0,0,27.2,46.1,45,2026-09-21 00:13:16.770616
Berkane,34.9167,-2.3167,2026-09-21,26.2,19.3,0.0,0,17.8,36.4,45,2026-09-21 00:13:16.970493
Berkane,34.9167,-2.3167,2026-09-22,26.2,16.8,0.0,0,15.1,31.7,3,2026-09-21 00:13:16.970493
Berkane,34.9167,-2.3167,2026-09-23,26.4,16.9,0.0,0,15.1,31.3,2,2026-09-21 00:13:16.970493
Berkane,34.9167,-2.3167,2026-09-24,27.3,17.2,0.0,0,17.3,36.0,2,2026-09-21 00:13:16.970493
Berkane,34.9167,-2.3167,2026-09-25,29.6,16.3,0.0,0,11.5,28.4,2,2026-09-21 00:13:16.970493
Berkane,34.9167,-2.3167,2026-09-26,27.6,18.1,0.0,0,13.2,24.8,1,2026-09-21 00:13:16.970493
Berkane,34.9167,-2.3167,2026-09-27,26.7,18.6,0.0,3,12.4,23.4,3,2026-09-21 00:13:16.970493
Ain El Aouda,33.8111,-6.7922,2026-09-21,36.8,18.9,0.0,0,17.4,34.9,2,2026-09-21 00:13:17.188554
Ain El Aouda,33.8111,-6.7922,2026-09-22,33.3,17.7,0.0,0,13.7,27.4,3,2026-09-21 00:13:17.188554
Ain El Aouda,33.8111,-6.7922,2026-09-23,33.4,16.1,0.0,0,17.6,35.3,1,2026-09-21 00:13:17.188554
Ain El Aouda,33.8111,-6.7922,2026-09-24,33.2,15.3,0.0,0,15.5,33.5,0,2026-09-21 00:13:17.188554
Ain El Aouda,33.8111,-6.7922,2026-09-25,33.5,15.7,0.0,0,17.0,34.6,3,2026-09-21 00:13:17.188554
Ain El Aouda,33.8111,-6.7922,2026-09-26,32.0,15.5,0.0,0,15.0,29.5,45,2026-09-21 00:13:17.188554
Ain El Aouda,33.8111,-6.7922,2026-09-27,26.8,15.5,0.0,3,13.0,29.2,45,2026-09-21 00:13:17.188554
Errachidia,31.9319,-4.4244,2026-09-21,30.3,19.8,0.2,20,14.0,35.6,2,2026-09-21 00:13:17.391468
Errachidia,31.9319,-4.4244,2026-09-22,30.4,19.2,0.0,0,12.3,25.9,2,2026-09-21 00:13:17.391468
Errachidia,31.9319,-4.4244,2026-09-23,29.5,18.4,0.0,0,10.4,22.3,2,2026-09-21 00:13:17.391468
Errachidia,31.9319,-4.4244,2026-09-24,30.1,19.0,0.0,0,11.5,24.8,2,2026-09-21 00:13:17.391468
Errachidia,31.9319,-4.4244,2026-09-25,30.7,20.2,0.0,0,11.8,27.0,3,2026-09-21 00:13:17.391468
Errachidia,31.9319,-4.4244,2026-09-26,29.0,21.4,0.3,11,13.7,24.5,3,2026-09-21 00:13:17.391468
Errachidia,31.9319,-4.4244,2026-09-27,27.9,18.1,0.9,19,16.5,27.7,3,2026-09-21 00:13:17.391468
Al Fqih Ben Çalah,32.507,-6.6886,2026-09-21,37.8,21.4,0.0,0,17.7,33.1,2,2026-09-21 00:13:17.722723
Al Fqih Ben Çalah,32.507,-6.6886,2026-09-22,36.8,18.1,0.0,0,14.8,30.2,2,2026-09-21 00:13:17.722723
Al Fqih Ben Çalah,32.507,-6.6886,2026-09-23,36.9,17.3,0.0,0,11.8,23.4,0,2026-09-21 00:13:17.722723
Al Fqih Ben Çalah,32.507,-6.6886,2026-09-24,37.6,17.2,0.0,0,12.3,29.2,0,2026-09-21 00:13:17.722723
Al Fqih Ben Çalah,32.507,-6.6886,2026-09-25,37.5,16.5,0.0,0,9.3,17.3,3,2026-09-21 00:13:17.722723
Al Fqih Ben Çalah,32.507,-6.6886,2026-09-26,35.5,19.6,0.0,0,13.0,25.9,3,2026-09-21 00:13:17.722723
Al Fqih Ben Çalah,32.507,-6.6886,2026-09-27,34.2,18.4,0.0,3,20.3,33.8,3,2026-09-21 00:13:17.722723
Ad Darwa,33.4167,-7.5333,2026-09-21,37.2,20.5,0.0,0,18.8,37.8,2,2026-09-21 00:13:17.955549
Ad Darwa,33.4167,-7.5333,2026-09-22,33.9,18.7,0.0,0,14.9,29.5,3,2026-09-21 00:13:17.955549
Ad Darwa,33.4167,-7.5333,2026-09-23,32.1,17.7,0.0,0,18.0,35.6,45,2026-09-21 00:13:17.955549
Ad Darwa,33.4167,-7.5333,2026-09-24,32.9,17.9,0.0,0,16.0,32.8,0,2026-09-21 00:13:17.955549
Ad Darwa,33.4167,-7.5333,2026-09-25,32.5,16.8,0.0,0,18.7,37.4,3,2026-09-21 00:13:17.955549
Ad Darwa,33.4167,-7.5333,2026-09-26,31.5,17.7,0.0,0,17.8,33.8,45,2026-09-21 00:13:17.955549
Ad Darwa,33.4167,-7.5333,2026-09-27,28.8,18.4,0.0,4,13.6,29.9,45,2026-09-21 00:13:17.955549
Martil,35.61,-5.27,2026-09-21,24.9,21.9,0.2,0,21.3,43.6,3,2026-09-21 00:13:18.161241
Martil,35.61,-5.27,2026-09-22,24.7,20.8,0.0,0,18.0,38.5,3,2026-09-21 00:13:18.161241
Martil,35.61,-5.27,2026-09-23,24.5,19.9,0.0,0,15.2,33.5,45,2026-09-21 00:13:18.161241
Martil,35.61,-5.27,2026-09-24,24.7,20.6,0.0,0,17.5,36.0,2,2026-09-21 00:13:18.161241
Martil,35.61,-5.27,2026-09-25,25.2,20.2,0.0,0,9.8,23.4,45,2026-09-21 00:13:18.161241
Martil,35.61,-5.27,2026-09-26,24.6,21.0,0.0,0,18.8,32.8,45,2026-09-21 00:13:18.161241
Martil,35.61,-5.27,2026-09-27,23.8,21.2,0.0,3,13.6,24.8,3,2026-09-21 00:13:18.161241
Sidi Slimane,34.26,-5.93,2026-09-21,38.4,21.6,0.0,0,15.5,31.7,1,2026-09-21 00:13:18.369481
Sidi Slimane,34.26,-5.93,2026-09-22,36.1,19.3,0.0,0,14.0,30.6,3,2026-09-21 00:13:18.369481
Sidi Slimane,34.26,-5.93,2026-09-23,37.3,17.8,0.0,0,14.3,35.3,1,2026-09-21 00:13:18.369481
Sidi Slimane,34.26,-5.93,2026-09-24,37.8,18.5,0.0,0,12.8,34.6,0,2026-09-21 00:13:18.369481
Sidi Slimane,34.26,-5.93,2026-09-25,38.7,17.1,0.0,0,15.1,37.7,3,2026-09-21 00:13:18.369481
Sidi Slimane,34.26,-5.93,2026-09-26,36.4,16.3,0.0,0,16.1,34.2,3,2026-09-21 00:13:18.369481
Sidi Slimane,34.26,-5.93,2026-09-27,28.6,18.1,0.0,3,12.0,22.0,3,2026-09-21 00:13:18.369481
Oued Zem,32.8619,-6.5711,2026-09-21,34.6,21.8,0.0,0,19.5,43.9,3,2026-09-21 00:13:18.672136
Oued Zem,32.8619,-6.5711,2026-09-22,34.0,21.4,0.0,0,18.0,35.6,1,2026-09-21 00:13:18.672136
Oued Zem,32.8619,-6.5711,2026-09-23,34.0,19.6,0.0,0,18.9,37.8,1,2026-09-21 00:13:18.672136
Oued Zem,32.8619,-6.5711,2026-09-24,34.9,19.0,0.0,0,16.8,36.4,0,2026-09-21 00:13:18.672136
Oued Zem,32.8619,-6.5711,2026-09-25,34.6,19.3,0.0,0,17.7,36.4,3,2026-09-21 00:13:18.672136
Oued Zem,32.8619,-6.5711,2026-09-26,32.9,18.8,0.0,0,17.7,34.9,3,2026-09-21 00:13:18.672136
Oued Zem,32.8619,-6.5711,2026-09-27,30.8,17.9,0.0,3,19.0,38.5,3,2026-09-21 00:13:18.672136
Sefrou,33.83,-4.83,2026-09-21,31.9,21.7,0.0,0,19.7,41.4,2,2026-09-21 00:13:18.888975
Sefrou,33.83,-4.83,2026-09-22,30.3,20.1,0.0,0,17.9,38.5,1,2026-09-21 00:13:18.888975
Sefrou,33.83,-4.83,2026-09-23,30.8,20.3,0.0,0,15.2,34.2,1,2026-09-21 00:13:18.888975
Sefrou,33.83,-4.83,2026-09-24,31.6,20.8,0.0,0,17.2,39.2,0,2026-09-21 00:13:18.888975
Sefrou,33.83,-4.83,2026-09-25,32.1,19.7,0.0,0,21.4,45.0,3,2026-09-21 00:13:18.888975
Sefrou,33.83,-4.83,2026-09-26,32.2,15.6,0.0,5,17.0,34.6,3,2026-09-21 00:13:18.888975
Sefrou,33.83,-4.83,2026-09-27,27.0,16.4,0.0,7,9.1,25.6,3,2026-09-21 00:13:18.888975
Taroudannt,30.4711,-8.8778,2026-09-21,40.1,23.1,0.0,0,22.1,43.2,3,2026-09-21 00:13:19.101978
Taroudannt,30.4711,-8.8778,2026-09-22,40.2,23.0,0.0,0,25.9,51.8,3,2026-09-21 00:13:19.101978
Taroudannt,30.4711,-8.8778,2026-09-23,40.2,22.6,0.0,0,23.4,46.1,2,2026-09-21 00:13:19.101978
Taroudannt,30.4711,-8.8778,2026-09-24,39.4,20.9,0.0,0,24.2,46.8,1,2026-09-21 00:13:19.101978
Taroudannt,30.4711,-8.8778,2026-09-25,35.9,20.7,0.0,0,20.2,38.9,3,2026-09-21 00:13:19.101978
Taroudannt,30.4711,-8.8778,2026-09-26,32.5,18.9,0.0,0,26.4,47.5,3,2026-09-21 00:13:19.101978
Taroudannt,30.4711,-8.8778,2026-09-27,30.3,18.4,0.0,0,23.7,43.6,45,2026-09-21 00:13:19.101978
Essaouira,31.513,-9.7687,2026-09-21,27.8,19.2,0.0,0,9.4,18.0,45,2026-09-21 00:13:19.310177
Essaouira,31.513,-9.7687,2026-09-22,27.0,19.8,0.0,0,12.6,24.8,3,2026-09-21 00:13:19.310177
Essaouira,31.513,-9.7687,2026-09-23,25.6,19.3,0.0,0,19.8,37.4,3,2026-09-21 00:13:19.310177
Essaouira,31.513,-9.7687,2026-09-24,25.4,18.6,0.0,0,15.9,31.7,1,2026-09-21 00:13:19.310177
Essaouira,31.513,-9.7687,2026-09-25,25.4,19.0,0.0,0,23.1,44.3,3,2026-09-21 00:13:19.310177
Essaouira,31.513,-9.7687,2026-09-26,28.5,20.1,0.0,0,17.0,32.8,3,2026-09-21 00:13:19.310177
Essaouira,31.513,-9.7687,2026-09-27,29.7,19.3,0.0,3,18.3,35.3,3,2026-09-21 00:13:19.310177
Azrou,33.4344,-5.2213,2026-09-21,28.3,18.1,0.0,0,18.6,42.5,3,2026-09-21 00:13:19.621927
Azrou,33.4344,-5.2213,2026-09-22,27.1,15.0,0.0,0,16.4,39.2,1,2026-09-21 00:13:19.621927
Azrou,33.4344,-5.2213,2026-09-23,28.1,15.6,0.0,0,15.7,34.2,2,2026-09-21 00:13:19.621927
Azrou,33.4344,-5.2213,2026-09-24,28.9,17.1,0.0,0,16.0,34.6,0,2026-09-21 00:13:19.621927
Azrou,33.4344,-5.2213,2026-09-25,28.7,16.8,0.0,0,15.4,42.5,3,2026-09-21 00:13:19.621927
Azrou,33.4344,-5.2213,2026-09-26,28.3,17.9,0.0,0,15.4,38.2,3,2026-09-21 00:13:19.621927
Azrou,33.4344,-5.2213,2026-09-27,25.3,17.0,0.3,14,17.1,41.8,3,2026-09-21 00:13:19.621927
Guercif,34.23,-3.36,2026-09-21,30.8,20.4,0.0,0,26.3,48.2,3,2026-09-21 00:13:19.821256
Guercif,34.23,-3.36,2026-09-22,30.9,17.1,0.0,0,20.2,38.2,2,2026-09-21 00:13:19.821256
Guercif,34.23,-3.36,2026-09-23,31.9,15.6,0.0,0,25.0,45.4,3,2026-09-21 00:13:19.821256
Guercif,34.23,-3.36,2026-09-24,31.9,17.7,0.0,0,26.1,52.9,0,2026-09-21 00:13:19.821256
Guercif,34.23,-3.36,2026-09-25,33.5,14.5,0.0,0,15.5,32.8,1,2026-09-21 00:13:19.821256
Guercif,34.23,-3.36,2026-09-26,32.8,16.1,0.0,0,28.5,50.4,3,2026-09-21 00:13:19.821256
Guercif,34.23,-3.36,2026-09-27,30.6,17.2,0.0,5,19.6,33.1,3,2026-09-21 00:13:19.821256
Warzat,30.9167,-6.9167,2026-09-21,30.0,18.8,0.7,25,16.0,25.6,80,2026-09-21 00:13:20.038313
Warzat,30.9167,-6.9167,2026-09-22,32.4,15.3,0.0,0,28.4,55.1,0,2026-09-21 00:13:20.038313
Warzat,30.9167,-6.9167,2026-09-23,30.8,14.1,0.0,0,10.9,18.4,1,2026-09-21 00:13:20.038313
Warzat,30.9167,-6.9167,2026-09-24,30.9,16.2,0.0,0,19.8,36.0,2,2026-09-21 00:13:20.038313
Warzat,30.9167,-6.9167,2026-09-25,32.3,15.8,0.0,0,13.5,24.8,3,2026-09-21 00:13:20.038313
Warzat,30.9167,-6.9167,2026-09-26,30.0,18.5,0.0,3,11.4,20.5,3,2026-09-21 00:13:20.038313
Warzat,30.9167,-6.9167,2026-09-27,28.4,17.2,0.0,7,13.2,21.2,3,2026-09-21 00:13:20.038313
Fnidq,35.8414,-5.3587,2026-09-21,25.5,22.0,0.1,0,23.3,43.6,2,2026-09-21 00:13:20.258483
Fnidq,35.8414,-5.3587,2026-09-22,24.8,20.6,0.0,0,22.0,41.8,3,2026-09-21 00:13:20.258483
Fnidq,35.8414,-5.3587,2026-09-23,24.5,20.3,0.0,0,18.4,36.0,45,2026-09-21 00:13:20.258483
Fnidq,35.8414,-5.3587,2026-09-24,24.8,20.9,0.0,0,18.5,37.1,45,2026-09-21 00:13:20.258483
Fnidq,35.8414,-5.3587,2026-09-25,25.8,20.0,0.0,0,8.0,17.3,45,2026-09-21 00:13:20.258483
Fnidq,35.8414,-5.3587,2026-09-26,24.6,21.0,0.0,0,18.8,32.8,45,2026-09-21 00:13:20.258483
Fnidq,35.8414,-5.3587,2026-09-27,23.8,21.2,0.0,3,13.6,24.8,3,2026-09-21 00:13:20.258483
Tan-Tan,28.4333,-11.1,2026-09-21,33.5,19.3,0.0,0,24.4,45.0,3,2026-09-21 00:13:20.571975
Tan-Tan,28.4333,-11.1,2026-09-22,37.0,20.8,0.0,0,21.3,40.3,3,2026-09-21 00:13:20.571975
Tan-Tan,28.4333,-11.1,2026-09-23,37.1,23.7,0.0,0,20.5,38.9,3,2026-09-21 00:13:20.571975
Tan-Tan,28.4333,-11.1,2026-09-24,31.2,18.2,0.0,0,18.8,37.8,1,2026-09-21 00:13:20.571975
Tan-Tan,28.4333,-11.1,2026-09-25,28.5,18.9,0.0,0,18.6,38.5,3,2026-09-21 00:13:20.571975
Tan-Tan,28.4333,-11.1,2026-09-26,26.9,20.3,0.0,0,14.2,28.4,3,2026-09-21 00:13:20.571975
Tan-Tan,28.4333,-11.1,2026-09-27,26.7,20.8,0.0,0,12.3,27.4,3,2026-09-21 00:13:20.571975
Sidi Qacem,34.21,-5.7,2026-09-21,37.9,23.4,0.0,0,13.8,29.2,1,2026-09-21 00:13:20.792065
Sidi Qacem,34.21,-5.7,2026-09-22,35.7,20.6,0.0,0,11.2,24.1,3,2026-09-21 00:13:20.792065
Sidi Qacem,34.21,-5.7,2026-09-23,36.7,18.8,0.0,0,12.5,27.0,0,2026-09-21 00:13:20.792065
Sidi Qacem,34.21,-5.7,2026-09-24,37.2,20.4,0.0,0,14.8,31.7,0,2026-09-21 00:13:20.792065
Sidi Qacem,34.21,-5.7,2026-09-25,38.0,19.3,0.0,0,15.6,36.7,3,2026-09-21 00:13:20.792065
Sidi Qacem,34.21,-5.7,2026-09-26,36.0,19.4,0.0,0,13.9,38.2,3,2026-09-21 00:13:20.792065
Sidi Qacem,34.21,-5.7,2026-09-27,29.1,19.2,0.0,3,9.9,20.5,3,2026-09-21 00:13:20.792065
M’diq,35.68,-5.32,2026-09-21,24.8,21.7,0.2,0,21.3,43.6,3,2026-09-21 00:13:21.011490
M’diq,35.68,-5.32,2026-09-22,24.6,20.6,0.0,0,18.0,38.5,3,2026-09-21 00:13:21.011490
M’diq,35.68,-5.32,2026-09-23,24.4,19.7,0.0,0,15.2,33.5,45,2026-09-21 00:13:21.011490
M’diq,35.68,-5.32,2026-09-24,24.6,20.4,0.0,0,17.5,36.0,2,2026-09-21 00:13:21.011490
M’diq,35.68,-5.32,2026-09-25,25.1,20.1,0.0,0,10.3,31.7,45,2026-09-21 00:13:21.011490
M’diq,35.68,-5.32,2026-09-26,26.6,21.0,0.0,0,20.7,49.3,3,2026-09-21 00:13:21.011490
M’diq,35.68,-5.32,2026-09-27,25.0,21.6,0.0,3,15.5,37.1,3,2026-09-21 00:13:21.011490
Youssoufia,32.25,-8.53,2026-09-21,38.3,23.0,0.0,0,19.0,40.0,3,2026-09-21 00:13:21.228418
Youssoufia,32.25,-8.53,2026-09-22,36.8,19.9,0.0,0,16.9,35.3,0,2026-09-21 00:13:21.228418
Youssoufia,32.25,-8.53,2026-09-23,35.2,19.0,0.0,0,16.8,36.4,0,2026-09-21 00:13:21.228418
Youssoufia,32.25,-8.53,2026-09-24,36.3,19.0,0.0,0,15.7,36.4,0,2026-09-21 00:13:21.228418
Youssoufia,32.25,-8.53,2026-09-25,35.9,19.3,0.0,0,19.2,38.1,3,2026-09-21 00:13:21.228418
Youssoufia,32.25,-8.53,2026-09-26,33.1,19.0,0.0,0,21.2,40.0,45,2026-09-21 00:13:21.228418
Youssoufia,32.25,-8.53,2026-09-27,31.9,18.5,0.0,3,18.9,35.3,45,2026-09-21 00:13:21.228418
Midalt,32.68,-4.74,2026-09-21,28.5,15.0,0.0,3,21.3,37.1,2,2026-09-21 00:13:21.529676
Midalt,32.68,-4.74,2026-09-22,27.8,14.6,0.0,0,20.0,35.3,2,2026-09-21 00:13:21.529676
Midalt,32.68,-4.74,2026-09-23,28.4,13.0,0.0,0,15.2,24.8,2,2026-09-21 00:13:21.529676
Midalt,32.68,-4.74,2026-09-24,28.8,13.4,0.0,0,21.1,39.6,1,2026-09-21 00:13:21.529676
Midalt,32.68,-4.74,2026-09-25,27.4,13.3,0.0,0,19.5,33.4,3,2026-09-21 00:13:21.529676
Midalt,32.68,-4.74,2026-09-26,27.0,13.9,0.0,5,15.0,23.8,3,2026-09-21 00:13:21.529676
Midalt,32.68,-4.74,2026-09-27,26.6,12.7,1.0,7,11.7,24.8,3,2026-09-21 00:13:21.529676
Aïn Harrouda,33.6372,-7.4483,2026-09-21,31.6,19.5,0.0,0,12.3,33.1,45,2026-09-21 00:13:21.737176
Aïn Harrouda,33.6372,-7.4483,2026-09-22,29.9,19.1,0.0,0,10.3,28.1,45,2026-09-21 00:13:21.737176
Aïn Harrouda,33.6372,-7.4483,2026-09-23,27.9,19.8,0.0,0,11.5,31.7,45,2026-09-21 00:13:21.737176
Aïn Harrouda,33.6372,-7.4483,2026-09-24,28.9,17.7,0.0,0,11.3,30.6,0,2026-09-21 00:13:21.737176
Aïn Harrouda,33.6372,-7.4483,2026-09-25,29.0,17.4,0.0,0,13.7,36.0,45,2026-09-21 00:13:21.737176
Aïn Harrouda,33.6372,-7.4483,2026-09-26,28.3,19.3,0.0,0,14.2,33.1,45,2026-09-21 00:13:21.737176
Aïn Harrouda,33.6372,-7.4483,2026-09-27,26.2,19.6,0.0,4,11.1,26.3,45,2026-09-21 00:13:21.737176
Souq Sebt Oulad Nemma,32.3,-6.7,2026-09-21,38.3,21.6,0.0,0,13.8,24.1,2,2026-09-21 00:13:21.971840
Souq Sebt Oulad Nemma,32.3,-6.7,2026-09-22,37.2,20.8,0.0,0,9.4,17.6,2,2026-09-21 00:13:21.971840
Souq Sebt Oulad Nemma,32.3,-6.7,2026-09-23,37.5,18.5,0.0,0,9.7,18.7,0,2026-09-21 00:13:21.971840
Souq Sebt Oulad Nemma,32.3,-6.7,2026-09-24,37.9,18.3,0.0,0,9.5,18.0,0,2026-09-21 00:13:21.971840
Souq Sebt Oulad Nemma,32.3,-6.7,2026-09-25,37.9,18.1,0.0,0,10.2,18.7,3,2026-09-21 00:13:21.971840
Souq Sebt Oulad Nemma,32.3,-6.7,2026-09-26,35.5,21.1,0.0,0,14.7,28.4,3,2026-09-21 00:13:21.971840
Souq Sebt Oulad Nemma,32.3,-6.7,2026-09-27,34.3,19.5,0.0,3,16.0,27.4,3,2026-09-21 00:13:21.971840
Mehdya,34.2557,-6.6745,2026-09-21,32.9,19.7,0.0,0,11.6,26.6,2,2026-09-21 00:13:22.189511
Mehdya,34.2557,-6.6745,2026-09-22,30.2,19.6,0.0,0,10.7,24.8,3,2026-09-21 00:13:22.189511
Mehdya,34.2557,-6.6745,2026-09-23,29.5,18.5,0.0,0,15.4,33.5,45,2026-09-21 00:13:22.189511
Mehdya,34.2557,-6.6745,2026-09-24,33.9,17.3,0.0,0,16.7,36.4,0,2026-09-21 00:13:22.189511
Mehdya,34.2557,-6.6745,2026-09-25,32.1,18.2,0.0,0,15.5,34.2,3,2026-09-21 00:13:22.189511
Mehdya,34.2557,-6.6745,2026-09-26,29.3,19.2,0.0,0,12.3,28.4,45,2026-09-21 00:13:22.189511
Mehdya,34.2557,-6.6745,2026-09-27,25.6,20.5,0.0,3,13.7,31.0,3,2026-09-21 00:13:22.189511
Ouezzane,34.8,-5.6,2026-09-21,35.9,20.1,0.0,0,12.2,24.5,1,2026-09-21 00:13:22.476691
Ouezzane,34.8,-5.6,2026-09-22,34.6,18.6,0.0,0,9.5,18.7,3,2026-09-21 00:13:22.476691
Ouezzane,34.8,-5.6,2026-09-23,35.6,17.8,0.0,0,13.8,27.0,0,2026-09-21 00:13:22.476691
Ouezzane,34.8,-5.6,2026-09-24,36.7,17.0,0.0,0,11.8,23.4,0,2026-09-21 00:13:22.476691
Ouezzane,34.8,-5.6,2026-09-25,36.7,17.0,0.0,0,12.4,30.1,3,2026-09-21 00:13:22.476691
Ouezzane,34.8,-5.6,2026-09-26,35.2,16.7,0.0,0,16.9,34.9,3,2026-09-21 00:13:22.476691
Ouezzane,34.8,-5.6,2026-09-27,27.9,17.7,0.0,3,7.6,19.4,45,2026-09-21 00:13:22.476691
Semara,26.7394,-11.6703,2026-09-21,42.3,23.5,0.0,1,26.1,45.0,3,2026-09-21 00:13:22.681624
Semara,26.7394,-11.6703,2026-09-22,42.2,27.9,0.0,2,28.5,46.4,3,2026-09-21 00:13:22.681624
Semara,26.7394,-11.6703,2026-09-23,41.5,27.1,0.0,0,32.9,54.4,1,2026-09-21 00:13:22.681624
Semara,26.7394,-11.6703,2026-09-24,40.8,25.8,0.0,0,27.8,43.6,3,2026-09-21 00:13:22.681624
Semara,26.7394,-11.6703,2026-09-25,38.6,22.3,0.0,0,20.9,39.6,3,2026-09-21 00:13:22.681624
Semara,26.7394,-11.6703,2026-09-26,33.4,23.6,0.0,0,18.1,33.8,3,2026-09-21 00:13:22.681624
Semara,26.7394,-11.6703,2026-09-27,27.2,21.8,0.4,4,23.5,43.9,51,2026-09-21 00:13:22.681624
Ait Ourir,31.5644,-7.6628,2026-09-21,36.1,23.7,0.0,5,19.6,37.4,3,2026-09-21 00:13:22.875233
Ait Ourir,31.5644,-7.6628,2026-09-22,35.1,21.5,0.0,0,15.4,28.4,0,2026-09-21 00:13:22.875233
Ait Ourir,31.5644,-7.6628,2026-09-23,35.0,19.9,0.0,0,9.7,19.1,0,2026-09-21 00:13:22.875233
Ait Ourir,31.5644,-7.6628,2026-09-24,35.1,19.5,0.0,0,10.8,20.9,1,2026-09-21 00:13:22.875233
Ait Ourir,31.5644,-7.6628,2026-09-25,35.1,20.2,0.0,0,15.2,28.4,3,2026-09-21 00:13:22.875233
Ait Ourir,31.5644,-7.6628,2026-09-26,32.6,20.4,0.0,0,13.9,28.1,3,2026-09-21 00:13:22.875233
Ait Ourir,31.5644,-7.6628,2026-09-27,31.6,19.1,0.0,3,11.3,23.0,3,2026-09-21 00:13:22.875233
Oulad Tayeb,33.9598,-4.9954,2026-09-21,35.2,20.6,0.0,0,15.6,30.2,2,2026-09-21 00:13:23.075124
Oulad Tayeb,33.9598,-4.9954,2026-09-22,33.4,19.4,0.0,0,13.0,25.2,1,2026-09-21 00:13:23.075124
Oulad Tayeb,33.9598,-4.9954,2026-09-23,34.2,18.8,0.0,0,14.8,28.8,1,2026-09-21 00:13:23.075124
Oulad Tayeb,33.9598,-4.9954,2026-09-24,35.0,19.6,0.0,0,14.3,31.0,0,2026-09-21 00:13:23.075124
Oulad Tayeb,33.9598,-4.9954,2026-09-25,35.4,19.4,0.0,0,20.8,39.8,3,2026-09-21 00:13:23.075124
Oulad Tayeb,33.9598,-4.9954,2026-09-26,34.5,20.7,0.0,0,12.2,30.6,3,2026-09-21 00:13:23.075124
Oulad Tayeb,33.9598,-4.9954,2026-09-27,28.9,18.4,0.0,5,6.0,25.2,3,2026-09-21 00:13:23.075124
Tit Mellil,33.5533,-7.4822,2026-09-21,33.2,19.9,0.0,0,12.7,34.2,2,2026-09-21 00:13:23.288335
Tit Mellil,33.5533,-7.4822,2026-09-22,30.6,19.0,0.0,0,10.7,30.2,45,2026-09-21 00:13:23.288335
Tit Mellil,33.5533,-7.4822,2026-09-23,28.5,18.7,0.0,0,13.0,34.2,45,2026-09-21 00:13:23.288335
Tit Mellil,33.5533,-7.4822,2026-09-24,29.6,18.0,0.0,0,12.1,33.5,0,2026-09-21 00:13:23.288335
Tit Mellil,33.5533,-7.4822,2026-09-25,29.3,17.4,0.0,0,14.4,38.2,45,2026-09-21 00:13:23.288335
Tit Mellil,33.5533,-7.4822,2026-09-26,27.7,19.0,0.0,0,13.7,35.3,45,2026-09-21 00:13:23.288335
Tit Mellil,33.5533,-7.4822,2026-09-27,26.0,19.0,0.0,3,11.0,28.4,45,2026-09-21 00:13:23.288335
Sidi Bennour,32.655,-8.4292,2026-09-21,39.3,19.9,0.0,0,21.2,37.4,2,2026-09-21 00:13:23.535781
Sidi Bennour,32.655,-8.4292,2026-09-22,37.1,16.6,0.0,0,19.4,33.8,1,2026-09-21 00:13:23.535781
Sidi Bennour,32.655,-8.4292,2026-09-23,35.0,17.6,0.0,0,18.4,32.8,45,2026-09-21 00:13:23.535781
Sidi Bennour,32.655,-8.4292,2026-09-24,36.0,17.6,0.0,0,16.9,31.7,0,2026-09-21 00:13:23.535781
Sidi Bennour,32.655,-8.4292,2026-09-25,35.3,16.5,0.0,0,21.3,40.5,3,2026-09-21 00:13:23.535781
Sidi Bennour,32.655,-8.4292,2026-09-26,32.2,19.1,0.0,0,19.8,37.4,45,2026-09-21 00:13:23.535781
Sidi Bennour,32.655,-8.4292,2026-09-27,30.8,18.4,0.0,3,16.8,31.3,45,2026-09-21 00:13:23.535781
Temsia,30.3633,-9.4144,2026-09-21,40.0,22.2,0.0,0,16.2,33.5,3,2026-09-21 00:13:23.750425
Temsia,30.3633,-9.4144,2026-09-22,37.7,23.3,0.0,0,24.3,50.0,3,2026-09-21 00:13:23.750425
Temsia,30.3633,-9.4144,2026-09-23,37.5,22.5,0.0,0,18.8,40.3,2,2026-09-21 00:13:23.750425
Temsia,30.3633,-9.4144,2026-09-24,33.4,20.0,0.0,0,14.9,34.6,0,2026-09-21 00:13:23.750425
Temsia,30.3633,-9.4144,2026-09-25,27.9,19.0,0.0,0,24.0,43.2,3,2026-09-21 00:13:23.750425
Temsia,30.3633,-9.4144,2026-09-26,30.3,20.3,0.0,0,28.7,49.3,3,2026-09-21 00:13:23.750425
Temsia,30.3633,-9.4144,2026-09-27,28.2,19.9,0.0,0,27.2,46.1,45,2026-09-21 00:13:23.750425
Biougra,30.2144,-9.3708,2026-09-21,40.4,22.6,0.0,0,17.1,27.7,3,2026-09-21 00:13:23.946664
Biougra,30.2144,-9.3708,2026-09-22,38.7,24.6,0.0,0,23.9,39.6,3,2026-09-21 00:13:23.946664
Biougra,30.2144,-9.3708,2026-09-23,38.0,23.6,0.0,0,22.7,38.5,3,2026-09-21 00:13:23.946664
Biougra,30.2144,-9.3708,2026-09-24,33.6,21.1,0.0,0,17.0,31.3,0,2026-09-21 00:13:23.946664
Biougra,30.2144,-9.3708,2026-09-25,29.7,19.9,0.0,0,21.9,38.2,3,2026-09-21 00:13:23.946664
Biougra,30.2144,-9.3708,2026-09-26,28.8,19.6,0.0,0,25.3,43.2,3,2026-09-21 00:13:23.946664
Biougra,30.2144,-9.3708,2026-09-27,26.9,19.1,0.0,0,23.5,39.2,45,2026-09-21 00:13:23.946664
Al Hoceïma,35.2472,-3.9322,2026-09-21,28.5,20.1,0.0,0,23.9,42.8,1,2026-09-21 00:13:24.137224
Al Hoceïma,35.2472,-3.9322,2026-09-22,26.6,17.7,0.0,0,14.5,25.9,3,2026-09-21 00:13:24.137224
Al Hoceïma,35.2472,-3.9322,2026-09-23,26.2,17.4,0.0,0,12.8,23.0,2,2026-09-21 00:13:24.137224
Al Hoceïma,35.2472,-3.9322,2026-09-24,27.3,18.4,0.0,0,14.8,25.9,2,2026-09-21 00:13:24.137224
Al Hoceïma,35.2472,-3.9322,2026-09-25,27.0,17.7,0.0,0,9.5,18.4,1,2026-09-21 00:13:24.137224
Al Hoceïma,35.2472,-3.9322,2026-09-26,26.2,19.0,0.0,0,10.6,19.1,45,2026-09-21 00:13:24.137224
Al Hoceïma,35.2472,-3.9322,2026-09-27,24.6,20.4,0.0,3,8.2,16.2,45,2026-09-21 00:13:24.137224
Qasbat Tadla,32.6,-6.26,2026-09-21,37.2,20.9,0.0,3,16.0,27.7,2,2026-09-21 00:13:24.372522
Qasbat Tadla,32.6,-6.26,2026-09-22,36.0,18.9,0.0,0,10.9,20.9,2,2026-09-21 00:13:24.372522
Qasbat Tadla,32.6,-6.26,2026-09-23,36.3,17.3,0.0,0,8.7,15.5,0,2026-09-21 00:13:24.372522
Qasbat Tadla,32.6,-6.26,2026-09-24,37.1,16.8,0.0,0,10.2,19.4,0,2026-09-21 00:13:24.372522
Qasbat Tadla,32.6,-6.26,2026-09-25,36.9,16.1,0.0,0,7.6,15.7,3,2026-09-21 00:13:24.372522
Qasbat Tadla,32.6,-6.26,2026-09-26,35.2,14.8,0.0,3,13.1,26.6,3,2026-09-21 00:13:24.372522
Qasbat Tadla,32.6,-6.26,2026-09-27,33.7,17.1,0.0,9,19.9,35.3,3,2026-09-21 00:13:24.372522
Aziylal,31.96,-6.56,2026-09-21,28.2,18.9,0.0,10,19.2,40.7,3,2026-09-21 00:13:24.590489
Aziylal,31.96,-6.56,2026-09-22,27.9,17.1,0.0,0,17.3,37.1,1,2026-09-21 00:13:24.590489
Aziylal,31.96,-6.56,2026-09-23,28.6,17.0,0.0,0,16.6,35.6,0,2026-09-21 00:13:24.590489
Aziylal,31.96,-6.56,2026-09-24,29.2,18.0,0.0,0,19.2,42.5,0,2026-09-21 00:13:24.590489
Aziylal,31.96,-6.56,2026-09-25,29.1,17.3,0.0,0,17.3,39.2,3,2026-09-21 00:13:24.590489
Aziylal,31.96,-6.56,2026-09-26,26.4,17.3,0.0,5,15.3,36.7,3,2026-09-21 00:13:24.590489
Aziylal,31.96,-6.56,2026-09-27,24.8,16.3,0.6,11,12.0,29.2,80,2026-09-21 00:13:24.590489
Boujad,32.7741,-6.3925,2026-09-21,35.2,21.8,0.0,5,18.6,36.0,3,2026-09-21 00:13:24.831574
Boujad,32.7741,-6.3925,2026-09-22,34.4,19.6,0.0,0,16.0,30.2,2,2026-09-21 00:13:24.831574
Boujad,32.7741,-6.3925,2026-09-23,34.4,18.6,0.0,0,16.6,30.6,2,2026-09-21 00:13:24.831574
Boujad,32.7741,-6.3925,2026-09-24,35.2,17.8,0.0,0,14.7,27.7,1,2026-09-21 00:13:24.831574
Boujad,32.7741,-6.3925,2026-09-25,34.9,18.3,0.0,0,14.4,38.2,3,2026-09-21 00:13:24.831574
Boujad,32.7741,-6.3925,2026-09-26,33.5,18.8,0.0,0,17.5,34.9,3,2026-09-21 00:13:24.831574
Boujad,32.7741,-6.3925,2026-09-27,31.7,19.3,0.0,3,19.1,43.9,3,2026-09-21 00:13:24.831574
Al Aaroui,35.0104,-3.0073,2026-09-21,26.2,20.0,0.0,0,24.2,42.1,2,2026-09-21 00:13:25.082282
Al Aaroui,35.0104,-3.0073,2026-09-22,26.8,17.3,0.0,0,18.6,32.4,45,2026-09-21 00:13:25.082282
Al Aaroui,35.0104,-3.0073,2026-09-23,26.9,16.1,0.0,0,18.6,32.8,45,2026-09-21 00:13:25.082282
Al Aaroui,35.0104,-3.0073,2026-09-24,27.6,17.6,0.0,0,20.9,37.8,45,2026-09-21 00:13:25.082282
Al Aaroui,35.0104,-3.0073,2026-09-25,31.3,15.4,0.0,0,15.3,27.0,45,2026-09-21 00:13:25.082282
Al Aaroui,35.0104,-3.0073,2026-09-26,28.6,15.0,0.0,0,16.3,30.6,45,2026-09-21 00:13:25.082282
Al Aaroui,35.0104,-3.0073,2026-09-27,27.8,16.6,0.0,3,13.6,25.9,45,2026-09-21 00:13:25.082282
Mrirt,33.1654,-5.5634,2026-09-21,32.1,18.5,0.0,0,21.3,45.7,2,2026-09-21 00:13:25.324139
Mrirt,33.1654,-5.5634,2026-09-22,31.3,16.4,0.0,0,19.8,42.5,1,2026-09-21 00:13:25.324139
Mrirt,33.1654,-5.5634,2026-09-23,31.8,15.7,0.0,0,20.9,43.2,1,2026-09-21 00:13:25.324139
Mrirt,33.1654,-5.5634,2026-09-24,33.0,15.5,0.0,0,22.1,45.4,1,2026-09-21 00:13:25.324139
Mrirt,33.1654,-5.5634,2026-09-25,32.4,15.8,0.0,0,16.2,33.1,3,2026-09-21 00:13:25.324139
Mrirt,33.1654,-5.5634,2026-09-26,32.0,13.7,0.0,3,13.7,38.9,3,2026-09-21 00:13:25.324139
Mrirt,33.1654,-5.5634,2026-09-27,28.8,12.9,0.6,12,13.8,29.5,3,2026-09-21 00:13:25.324139
Tineghir,31.5147,-5.5328,2026-09-21,27.9,18.0,0.7,30,23.0,38.5,80,2026-09-21 00:13:25.542768
Tineghir,31.5147,-5.5328,2026-09-22,29.4,17.4,0.0,0,20.9,32.0,2,2026-09-21 00:13:25.542768
Tineghir,31.5147,-5.5328,2026-09-23,28.6,16.9,0.0,0,17.3,26.3,2,2026-09-21 00:13:25.542768
Tineghir,31.5147,-5.5328,2026-09-24,29.1,18.1,0.0,0,23.5,36.7,2,2026-09-21 00:13:25.542768
Tineghir,31.5147,-5.5328,2026-09-25,30.6,16.7,0.0,0,15.2,29.1,3,2026-09-21 00:13:25.542768
Tineghir,31.5147,-5.5328,2026-09-26,27.5,20.2,1.5,9,19.2,29.2,95,2026-09-21 00:13:25.542768
Tineghir,31.5147,-5.5328,2026-09-27,26.2,17.4,5.7,18,21.9,33.8,95,2026-09-21 00:13:25.542768
Bouknadel,34.1766,-6.6893,2026-09-21,30.6,20.1,0.0,0,13.0,23.0,2,2026-09-21 00:13:25.748685
Bouknadel,34.1766,-6.6893,2026-09-22,28.4,20.0,0.0,0,11.2,20.2,45,2026-09-21 00:13:25.748685
Bouknadel,34.1766,-6.6893,2026-09-23,27.8,18.6,0.0,0,16.8,28.8,45,2026-09-21 00:13:25.748685
Bouknadel,34.1766,-6.6893,2026-09-24,31.0,17.7,0.0,0,17.7,30.6,0,2026-09-21 00:13:25.748685
Bouknadel,34.1766,-6.6893,2026-09-25,29.1,18.4,0.0,0,17.0,28.4,3,2026-09-21 00:13:25.748685
Bouknadel,34.1766,-6.6893,2026-09-26,29.2,19.1,0.0,0,12.3,28.4,45,2026-09-21 00:13:25.748685
Bouknadel,34.1766,-6.6893,2026-09-27,25.5,20.4,0.0,3,13.7,31.0,3,2026-09-21 00:13:25.748685
Cabo Bojador,26.1269,-14.4992,2026-09-21,27.3,20.7,0.0,2,27.0,47.2,3,2026-09-21 00:13:25.964174
Cabo Bojador,26.1269,-14.4992,2026-09-22,26.6,20.8,0.0,2,25.6,46.4,3,2026-09-21 00:13:25.964174
Cabo Bojador,26.1269,-14.4992,2026-09-23,32.7,21.2,0.0,1,31.8,49.7,1,2026-09-21 00:13:25.964174
Cabo Bojador,26.1269,-14.4992,2026-09-24,35.9,23.7,0.0,0,31.8,52.9,3,2026-09-21 00:13:25.964174
Cabo Bojador,26.1269,-14.4992,2026-09-25,31.9,21.0,0.0,0,33.5,54.7,3,2026-09-21 00:13:25.964174
Cabo Bojador,26.1269,-14.4992,2026-09-26,23.7,21.0,0.0,4,26.7,44.6,3,2026-09-21 00:13:25.964174
Cabo Bojador,26.1269,-14.4992,2026-09-27,26.9,20.9,0.0,4,19.6,33.5,3,2026-09-21 00:13:25.964174
Zagora,30.3316,-5.8376,2026-09-21,33.2,23.4,0.2,20,13.1,22.3,3,2026-09-21 00:13:26.271024
Zagora,30.3316,-5.8376,2026-09-22,34.4,23.7,0.0,3,9.6,18.7,2,2026-09-21 00:13:26.271024
Zagora,30.3316,-5.8376,2026-09-23,33.7,23.0,0.0,0,11.2,18.7,2,2026-09-21 00:13:26.271024
Zagora,30.3316,-5.8376,2026-09-24,34.2,24.2,0.0,0,20.4,31.3,3,2026-09-21 00:13:26.271024
Zagora,30.3316,-5.8376,2026-09-25,35.4,23.8,0.0,0,13.5,23.0,3,2026-09-21 00:13:26.271024
Zagora,30.3316,-5.8376,2026-09-26,34.2,23.8,0.0,0,18.9,32.4,3,2026-09-21 00:13:26.271024
Zagora,30.3316,-5.8376,2026-09-27,31.7,22.6,0.0,3,18.0,27.7,3,2026-09-21 00:13:26.271024
Azemmour,33.2833,-8.3333,2026-09-21,30.9,19.3,0.0,0,17.1,31.3,45,2026-09-21 00:13:26.518934
Azemmour,33.2833,-8.3333,2026-09-22,28.4,18.3,0.0,0,13.4,24.8,45,2026-09-21 00:13:26.518934
Azemmour,33.2833,-8.3333,2026-09-23,27.4,19.4,0.0,0,15.6,28.8,45,2026-09-21 00:13:26.518934
Azemmour,33.2833,-8.3333,2026-09-24,27.9,18.0,0.0,0,15.3,29.9,45,2026-09-21 00:13:26.518934
Azemmour,33.2833,-8.3333,2026-09-25,28.6,18.4,0.0,0,19.6,38.1,45,2026-09-21 00:13:26.518934
Azemmour,33.2833,-8.3333,2026-09-26,27.8,20.4,0.0,0,13.7,27.7,45,2026-09-21 00:13:26.518934
Azemmour,33.2833,-8.3333,2026-09-27,26.0,20.5,0.0,4,13.7,27.4,45,2026-09-21 00:13:26.518934
El Hajeb,33.6928,-5.3711,2026-09-21,32.3,21.7,0.0,0,21.9,47.2,2,2026-09-21 00:13:26.727172
El Hajeb,33.6928,-5.3711,2026-09-22,30.4,20.6,0.0,0,20.0,42.5,3,2026-09-21 00:13:26.727172
El Hajeb,33.6928,-5.3711,2026-09-23,30.9,19.1,0.0,0,17.5,37.1,3,2026-09-21 00:13:26.727172
El Hajeb,33.6928,-5.3711,2026-09-24,31.8,19.4,0.0,0,19.5,38.2,0,2026-09-21 00:13:26.727172
El Hajeb,33.6928,-5.3711,2026-09-25,32.1,18.9,0.0,0,24.1,50.4,3,2026-09-21 00:13:26.727172
El Hajeb,33.6928,-5.3711,2026-09-26,31.0,16.6,0.0,3,18.2,36.4,2,2026-09-21 00:13:26.727172
El Hajeb,33.6928,-5.3711,2026-09-27,28.1,16.4,0.0,5,12.8,33.5,3,2026-09-21 00:13:26.727172
Jerada,34.31,-2.16,2026-09-21,26.9,17.0,0.0,0,19.7,44.3,2,2026-09-21 00:13:26.955008
Jerada,34.31,-2.16,2026-09-22,27.2,15.7,0.0,0,17.9,38.2,3,2026-09-21 00:13:26.955008
Jerada,34.31,-2.16,2026-09-23,28.6,16.3,0.0,0,22.6,44.3,2,2026-09-21 00:13:26.955008
Jerada,34.31,-2.16,2026-09-24,28.7,17.0,0.0,0,23.4,47.5,1,2026-09-21 00:13:26.955008
Jerada,34.31,-2.16,2026-09-25,28.6,14.6,0.0,0,25.3,48.6,0,2026-09-21 00:13:26.955008
Jerada,34.31,-2.16,2026-09-26,30.3,13.0,0.0,3,17.3,43.9,3,2026-09-21 00:13:26.955008
Jerada,34.31,-2.16,2026-09-27,29.1,13.6,0.0,9,14.0,33.1,3,2026-09-21 00:13:26.955008
El Aïoun,34.5726,-2.5127,2026-09-21,29.3,18.4,0.0,0,17.3,29.5,45,2026-09-21 00:13:27.225035
El Aïoun,34.5726,-2.5127,2026-09-22,29.3,14.3,0.0,0,13.6,23.4,45,2026-09-21 00:13:27.225035
El Aïoun,34.5726,-2.5127,2026-09-23,30.9,15.0,0.0,0,16.1,26.6,1,2026-09-21 00:13:27.225035
El Aïoun,34.5726,-2.5127,2026-09-24,30.6,15.2,0.0,0,20.4,34.6,0,2026-09-21 00:13:27.225035
El Aïoun,34.5726,-2.5127,2026-09-25,31.7,13.4,0.0,0,14.5,25.4,0,2026-09-21 00:13:27.225035
El Aïoun,34.5726,-2.5127,2026-09-26,31.5,14.1,0.0,0,22.5,37.1,2,2026-09-21 00:13:27.225035
El Aïoun,34.5726,-2.5127,2026-09-27,30.2,15.4,0.0,4,17.5,28.8,3,2026-09-21 00:13:27.225035
Tameslouht,31.5,-8.1,2026-09-21,37.7,25.2,0.0,5,25.6,46.1,3,2026-09-21 00:13:27.441898
Tameslouht,31.5,-8.1,2026-09-22,36.6,21.7,0.0,0,16.6,27.0,0,2026-09-21 00:13:27.441898
Tameslouht,31.5,-8.1,2026-09-23,35.9,20.9,0.0,0,13.6,22.7,0,2026-09-21 00:13:27.441898
Tameslouht,31.5,-8.1,2026-09-24,36.0,20.5,0.0,0,13.8,24.1,1,2026-09-21 00:13:27.441898
Tameslouht,31.5,-8.1,2026-09-25,36.3,21.0,0.0,0,14.8,24.5,3,2026-09-21 00:13:27.441898
Tameslouht,31.5,-8.1,2026-09-26,32.9,21.2,0.0,0,15.4,28.4,3,2026-09-21 00:13:27.441898
Tameslouht,31.5,-8.1,2026-09-27,32.4,20.2,0.0,3,15.2,24.8,3,2026-09-21 00:13:27.441898
Sidi Yahia El Gharb,34.3058,-6.3058,2026-09-21,37.0,20.0,0.0,0,16.8,29.9,1,2026-09-21 00:13:27.697640
Sidi Yahia El Gharb,34.3058,-6.3058,2026-09-22,34.5,18.4,0.0,0,14.3,26.3,3,2026-09-21 00:13:27.697640
Sidi Yahia El Gharb,34.3058,-6.3058,2026-09-23,35.8,16.9,0.0,0,19.1,34.6,45,2026-09-21 00:13:27.697640
Sidi Yahia El Gharb,34.3058,-6.3058,2026-09-24,36.0,17.6,0.0,0,22.7,40.7,0,2026-09-21 00:13:27.697640
Sidi Yahia El Gharb,34.3058,-6.3058,2026-09-25,35.4,17.1,0.0,0,19.2,35.0,3,2026-09-21 00:13:27.697640
Sidi Yahia El Gharb,34.3058,-6.3058,2026-09-26,34.6,17.2,0.0,0,20.0,37.4,3,2026-09-21 00:13:27.697640
Sidi Yahia El Gharb,34.3058,-6.3058,2026-09-27,28.1,18.2,0.0,3,12.7,26.6,3,2026-09-21 00:13:27.697640
Chichaoua,31.5333,-8.7667,2026-09-21,38.0,22.5,0.0,0,25.2,41.4,3,2026-09-21 00:13:28.007120
Chichaoua,31.5333,-8.7667,2026-09-22,37.8,20.7,0.0,0,21.4,36.0,1,2026-09-21 00:13:28.007120
Chichaoua,31.5333,-8.7667,2026-09-23,36.4,19.9,0.0,0,21.3,35.3,0,2026-09-21 00:13:28.007120
Chichaoua,31.5333,-8.7667,2026-09-24,36.6,19.0,0.0,0,21.1,36.7,0,2026-09-21 00:13:28.007120
Chichaoua,31.5333,-8.7667,2026-09-25,36.7,20.3,0.0,0,16.2,28.1,3,2026-09-21 00:13:28.007120
Chichaoua,31.5333,-8.7667,2026-09-26,33.5,21.3,0.0,0,21.7,36.7,3,2026-09-21 00:13:28.007120
Chichaoua,31.5333,-8.7667,2026-09-27,32.8,20.3,0.0,3,18.3,29.2,3,2026-09-21 00:13:28.007120
Al ’Attawia,31.83,-7.31,2026-09-21,35.9,21.7,0.0,3,15.6,35.3,2,2026-09-21 00:13:28.335112
Al ’Attawia,31.83,-7.31,2026-09-22,34.8,20.0,0.0,0,13.2,24.5,2,2026-09-21 00:13:28.335112
Al ’Attawia,31.83,-7.31,2026-09-23,34.6,18.2,0.0,0,10.9,20.2,0,2026-09-21 00:13:28.335112
Al ’Attawia,31.83,-7.31,2026-09-24,35.2,17.8,0.0,0,12.5,23.4,0,2026-09-21 00:13:28.335112
Al ’Attawia,31.83,-7.31,2026-09-25,35.0,17.9,0.0,0,15.5,27.7,3,2026-09-21 00:13:28.335112
Al ’Attawia,31.83,-7.31,2026-09-26,32.5,19.2,0.0,3,15.0,29.5,3,2026-09-21 00:13:28.335112
Al ’Attawia,31.83,-7.31,2026-09-27,31.3,17.7,0.0,7,14.1,26.6,3,2026-09-21 00:13:28.335112
Tabount,30.9014,-6.9217,2026-09-21,30.1,19.3,0.7,25,16.0,26.6,80,2026-09-21 00:13:28.619215
Tabount,30.9014,-6.9217,2026-09-22,32.5,16.5,0.0,0,30.2,51.5,0,2026-09-21 00:13:28.619215
Tabount,30.9014,-6.9217,2026-09-23,31.0,15.7,0.0,0,13.7,21.6,1,2026-09-21 00:13:28.619215
Tabount,30.9014,-6.9217,2026-09-24,31.1,17.4,0.0,0,22.0,31.3,2,2026-09-21 00:13:28.619215
Tabount,30.9014,-6.9217,2026-09-25,32.3,16.7,0.0,0,13.5,24.8,3,2026-09-21 00:13:28.619215
Tabount,30.9014,-6.9217,2026-09-26,29.9,18.4,0.0,3,11.4,20.5,3,2026-09-21 00:13:28.619215
Tabount,30.9014,-6.9217,2026-09-27,28.3,17.1,0.0,7,13.2,21.2,3,2026-09-21 00:13:28.619215
Zaïo,34.9396,-2.7334,2026-09-21,28.4,19.6,0.0,0,15.1,33.1,45,2026-09-21 00:13:28.841815
Zaïo,34.9396,-2.7334,2026-09-22,28.2,17.5,0.0,0,11.9,23.8,3,2026-09-21 00:13:28.841815
Zaïo,34.9396,-2.7334,2026-09-23,28.8,16.9,0.0,0,10.9,25.9,45,2026-09-21 00:13:28.841815
Zaïo,34.9396,-2.7334,2026-09-24,29.8,18.1,0.0,0,12.8,29.5,45,2026-09-21 00:13:28.841815
Zaïo,34.9396,-2.7334,2026-09-25,32.1,17.6,0.0,0,9.5,20.3,45,2026-09-21 00:13:28.841815
Zaïo,34.9396,-2.7334,2026-09-26,28.4,16.0,0.0,0,19.1,35.6,45,2026-09-21 00:13:28.841815
Zaïo,34.9396,-2.7334,2026-09-27,28.0,17.1,0.0,3,14.6,28.1,45,2026-09-21 00:13:28.841815
Aguelmous,33.1324,-5.8366,2026-09-21,31.9,19.6,0.0,0,22.3,45.4,3,2026-09-21 00:13:29.121624
Aguelmous,33.1324,-5.8366,2026-09-22,30.8,18.2,0.0,0,16.9,34.9,1,2026-09-21 00:13:29.121624
Aguelmous,33.1324,-5.8366,2026-09-23,31.7,17.3,0.0,0,18.8,42.5,1,2026-09-21 00:13:29.121624
Aguelmous,33.1324,-5.8366,2026-09-24,32.5,18.5,0.0,0,16.9,37.1,1,2026-09-21 00:13:29.121624
Aguelmous,33.1324,-5.8366,2026-09-25,31.9,18.1,0.0,0,17.2,38.5,3,2026-09-21 00:13:29.121624
Aguelmous,33.1324,-5.8366,2026-09-26,31.0,17.9,0.0,3,18.8,40.0,3,2026-09-21 00:13:29.121624
Aguelmous,33.1324,-5.8366,2026-09-27,28.2,17.9,0.0,9,18.9,39.2,3,2026-09-21 00:13:29.121624
Asilah,35.4667,-6.0333,2026-09-21,30.8,23.4,0.0,0,24.2,43.2,1,2026-09-21 00:13:29.357199
Asilah,35.4667,-6.0333,2026-09-22,30.8,22.3,0.0,0,20.8,36.4,3,2026-09-21 00:13:29.357199
Asilah,35.4667,-6.0333,2026-09-23,31.7,20.3,0.0,0,26.8,47.9,1,2026-09-21 00:13:29.357199
Asilah,35.4667,-6.0333,2026-09-24,31.8,22.5,0.0,0,29.3,51.8,0,2026-09-21 00:13:29.357199
Asilah,35.4667,-6.0333,2026-09-25,30.6,20.9,0.0,0,13.3,28.1,3,2026-09-21 00:13:29.357199
Asilah,35.4667,-6.0333,2026-09-26,34.0,18.8,0.0,0,13.9,27.7,3,2026-09-21 00:13:29.357199
Asilah,35.4667,-6.0333,2026-09-27,28.3,18.5,0.0,3,9.1,19.8,3,2026-09-21 00:13:29.357199
Imzouren,35.1464,-3.8506,2026-09-21,29.4,19.6,0.0,0,20.4,37.1,2,2026-09-21 00:13:29.570528
Imzouren,35.1464,-3.8506,2026-09-22,27.3,18.2,0.0,0,14.4,26.3,3,2026-09-21 00:13:29.570528
Imzouren,35.1464,-3.8506,2026-09-23,27.0,17.8,0.0,0,13.7,24.8,2,2026-09-21 00:13:29.570528
Imzouren,35.1464,-3.8506,2026-09-24,27.9,18.1,0.0,0,15.5,28.4,2,2026-09-21 00:13:29.570528
Imzouren,35.1464,-3.8506,2026-09-25,28.9,17.8,0.0,0,9.7,19.4,1,2026-09-21 00:13:29.570528
Imzouren,35.1464,-3.8506,2026-09-26,29.2,18.9,0.0,0,11.5,22.7,3,2026-09-21 00:13:29.570528
Imzouren,35.1464,-3.8506,2026-09-27,26.0,19.4,0.0,3,10.7,20.2,3,2026-09-21 00:13:29.570528
Mediouna,33.4556,-7.5208,2026-09-21,37.7,20.3,0.0,0,20.3,37.8,2,2026-09-21 00:13:29.776678
Mediouna,33.4556,-7.5208,2026-09-22,34.2,18.6,0.0,0,16.3,29.2,45,2026-09-21 00:13:29.776678
Mediouna,33.4556,-7.5208,2026-09-23,32.3,17.7,0.0,0,19.4,35.3,45,2026-09-21 00:13:29.776678
Mediouna,33.4556,-7.5208,2026-09-24,33.2,17.5,0.0,0,17.4,32.8,0,2026-09-21 00:13:29.776678
Mediouna,33.4556,-7.5208,2026-09-25,32.7,16.5,0.0,0,20.2,36.4,45,2026-09-21 00:13:29.776678
Mediouna,33.4556,-7.5208,2026-09-26,27.3,18.6,0.0,0,13.7,35.3,45,2026-09-21 00:13:29.776678
Mediouna,33.4556,-7.5208,2026-09-27,25.6,18.6,0.0,4,11.0,28.4,45,2026-09-21 00:13:29.776678
Demnat,31.7311,-7.0361,2026-09-21,32.6,21.3,0.0,5,18.2,34.6,2,2026-09-21 00:13:30.074171
Demnat,31.7311,-7.0361,2026-09-22,31.8,19.4,0.0,0,14.3,27.7,2,2026-09-21 00:13:30.074171
Demnat,31.7311,-7.0361,2026-09-23,31.8,17.8,0.0,0,14.3,27.4,0,2026-09-21 00:13:30.074171
Demnat,31.7311,-7.0361,2026-09-24,32.4,18.4,0.0,0,14.9,29.9,1,2026-09-21 00:13:30.074171
Demnat,31.7311,-7.0361,2026-09-25,32.4,18.4,0.0,0,16.4,32.0,3,2026-09-21 00:13:30.074171
Demnat,31.7311,-7.0361,2026-09-26,29.8,18.0,0.0,9,14.3,28.1,3,2026-09-21 00:13:30.074171
Demnat,31.7311,-7.0361,2026-09-27,28.5,16.3,0.0,11,14.1,28.4,3,2026-09-21 00:13:30.074171
Aïn Taoujdat,33.9333,-5.2167,2026-09-21,34.9,19.9,0.0,0,17.7,33.8,2,2026-09-21 00:13:30.830787
Aïn Taoujdat,33.9333,-5.2167,2026-09-22,32.8,18.6,0.0,0,13.6,25.9,1,2026-09-21 00:13:30.830787
Aïn Taoujdat,33.9333,-5.2167,2026-09-23,33.8,17.8,0.0,0,15.4,29.5,1,2026-09-21 00:13:30.830787
Aïn Taoujdat,33.9333,-5.2167,2026-09-24,34.6,18.3,0.0,0,15.3,29.2,0,2026-09-21 00:13:30.830787
Aïn Taoujdat,33.9333,-5.2167,2026-09-25,35.3,18.1,0.0,0,20.7,40.3,3,2026-09-21 00:13:30.830787
Aïn Taoujdat,33.9333,-5.2167,2026-09-26,34.1,18.1,0.0,0,16.7,31.3,2,2026-09-21 00:13:30.830787
Aïn Taoujdat,33.9333,-5.2167,2026-09-27,29.6,18.7,0.0,3,10.7,22.3,3,2026-09-21 00:13:30.830787
Sidi Smai’il,32.8167,-8.5,2026-09-21,38.3,20.8,0.0,0,18.1,34.2,2,2026-09-21 00:13:31.131789
Sidi Smai’il,32.8167,-8.5,2026-09-22,35.1,17.8,0.0,0,17.7,31.7,45,2026-09-21 00:13:31.131789
Sidi Smai’il,32.8167,-8.5,2026-09-23,32.7,18.6,0.0,0,15.7,28.1,45,2026-09-21 00:13:31.131789
Sidi Smai’il,32.8167,-8.5,2026-09-24,33.2,18.8,0.0,0,16.0,29.5,0,2026-09-21 00:13:31.131789
Sidi Smai’il,32.8167,-8.5,2026-09-25,33.5,18.2,0.0,0,20.4,39.3,45,2026-09-21 00:13:31.131789
Sidi Smai’il,32.8167,-8.5,2026-09-26,30.1,19.7,0.0,0,18.0,33.5,45,2026-09-21 00:13:31.131789
Sidi Smai’il,32.8167,-8.5,2026-09-27,29.0,19.0,0.0,3,16.0,29.2,45,2026-09-21 00:13:31.131789
Moulay Bousselham,34.8786,-6.2933,2026-09-21,33.1,19.9,0.0,0,18.2,30.2,0,2026-09-21 00:13:31.335839
Moulay Bousselham,34.8786,-6.2933,2026-09-22,31.9,20.1,0.0,0,18.0,31.7,3,2026-09-21 00:13:31.335839
Moulay Bousselham,34.8786,-6.2933,2026-09-23,29.3,17.2,0.0,0,18.2,31.0,0,2026-09-21 00:13:31.335839
Moulay Bousselham,34.8786,-6.2933,2026-09-24,30.6,17.2,0.0,0,15.7,28.1,0,2026-09-21 00:13:31.335839
Moulay Bousselham,34.8786,-6.2933,2026-09-25,29.2,18.1,0.0,0,17.3,29.9,3,2026-09-21 00:13:31.335839
Moulay Bousselham,34.8786,-6.2933,2026-09-26,31.0,17.8,0.0,0,19.4,33.8,45,2026-09-21 00:13:31.335839
Moulay Bousselham,34.8786,-6.2933,2026-09-27,27.0,19.0,0.0,3,14.3,25.9,45,2026-09-21 00:13:31.335839
Mechraa Bel Ksiri,34.56,-5.95,2026-09-21,37.7,24.6,0.0,0,18.8,35.3,1,2026-09-21 00:13:31.528326
Mechraa Bel Ksiri,34.56,-5.95,2026-09-22,35.9,21.3,0.0,0,15.7,29.5,3,2026-09-21 00:13:31.528326
Mechraa Bel Ksiri,34.56,-5.95,2026-09-23,37.0,17.9,0.0,0,18.9,33.8,0,2026-09-21 00:13:31.528326
Mechraa Bel Ksiri,34.56,-5.95,2026-09-24,37.6,19.5,0.0,0,17.1,33.1,0,2026-09-21 00:13:31.528326
Mechraa Bel Ksiri,34.56,-5.95,2026-09-25,37.8,17.0,0.0,0,15.0,33.2,3,2026-09-21 00:13:31.528326
Mechraa Bel Ksiri,34.56,-5.95,2026-09-26,34.8,17.4,0.0,0,20.2,38.5,3,2026-09-21 00:13:31.528326
Mechraa Bel Ksiri,34.56,-5.95,2026-09-27,28.1,19.1,0.0,3,11.3,20.9,45,2026-09-21 00:13:31.528326
Souk et Tnine Jorf el Mellah,34.4945,-5.5047,2026-09-21,37.3,24.5,0.0,0,18.6,34.2,1,2026-09-21 00:13:31.728248
Souk et Tnine Jorf el Mellah,34.4945,-5.5047,2026-09-22,35.6,22.6,0.0,0,14.0,26.3,3,2026-09-21 00:13:31.728248
Souk et Tnine Jorf el Mellah,34.4945,-5.5047,2026-09-23,37.0,19.5,0.0,0,12.1,23.0,1,2026-09-21 00:13:31.728248
Souk et Tnine Jorf el Mellah,34.4945,-5.5047,2026-09-24,37.8,19.3,0.0,0,10.8,20.9,0,2026-09-21 00:13:31.728248
Souk et Tnine Jorf el Mellah,34.4945,-5.5047,2026-09-25,37.9,18.6,0.0,0,10.4,25.6,3,2026-09-21 00:13:31.728248
Souk et Tnine Jorf el Mellah,34.4945,-5.5047,2026-09-26,37.2,17.9,0.0,0,13.2,34.2,3,2026-09-21 00:13:31.728248
Souk et Tnine Jorf el Mellah,34.4945,-5.5047,2026-09-27,29.1,19.6,0.0,3,10.4,19.1,3,2026-09-21 00:13:31.728248
Zeghanghane,35.1575,-3.0017,2026-09-21,26.0,21.5,0.0,0,22.7,43.6,2,2026-09-21 00:13:31.972387
Zeghanghane,35.1575,-3.0017,2026-09-22,26.4,18.2,0.0,0,16.3,32.4,3,2026-09-21 00:13:31.972387
Zeghanghane,35.1575,-3.0017,2026-09-23,26.6,17.7,0.0,0,16.3,32.4,45,2026-09-21 00:13:31.972387
Zeghanghane,35.1575,-3.0017,2026-09-24,27.4,18.1,0.0,0,18.0,34.6,45,2026-09-21 00:13:31.972387
Zeghanghane,35.1575,-3.0017,2026-09-25,30.8,17.5,0.0,0,10.4,21.6,45,2026-09-21 00:13:31.972387
Zeghanghane,35.1575,-3.0017,2026-09-26,26.7,17.3,0.0,0,20.0,36.0,45,2026-09-21 00:13:31.972387
Zeghanghane,35.1575,-3.0017,2026-09-27,26.2,17.8,0.0,3,15.8,27.4,45,2026-09-21 00:13:31.972387
Oulad Barhil,30.6408,-8.475,2026-09-21,37.9,21.9,0.0,5,28.0,50.0,3,2026-09-21 00:13:32.173658
Oulad Barhil,30.6408,-8.475,2026-09-22,38.5,20.7,0.0,3,18.8,36.4,2,2026-09-21 00:13:32.173658
Oulad Barhil,30.6408,-8.475,2026-09-23,38.4,20.0,0.0,0,23.6,42.1,0,2026-09-21 00:13:32.173658
Oulad Barhil,30.6408,-8.475,2026-09-24,37.7,19.9,0.0,0,28.4,52.9,1,2026-09-21 00:13:32.173658
Oulad Barhil,30.6408,-8.475,2026-09-25,37.4,20.9,0.0,0,27.1,49.9,3,2026-09-21 00:13:32.173658
Oulad Barhil,30.6408,-8.475,2026-09-26,33.8,18.7,0.0,3,20.0,36.4,3,2026-09-21 00:13:32.173658
Oulad Barhil,30.6408,-8.475,2026-09-27,32.4,17.9,0.0,0,16.7,30.6,3,2026-09-21 00:13:32.173658
Bir Jdid,33.3737,-8.0002,2026-09-21,32.9,19.9,0.0,0,17.7,34.9,2,2026-09-21 00:13:32.380669
Bir Jdid,33.3737,-8.0002,2026-09-22,29.9,18.8,0.0,0,13.9,27.4,45,2026-09-21 00:13:32.380669
Bir Jdid,33.3737,-8.0002,2026-09-23,28.8,18.9,0.0,0,15.9,31.0,45,2026-09-21 00:13:32.380669
Bir Jdid,33.3737,-8.0002,2026-09-24,29.5,18.8,0.0,0,15.2,31.0,0,2026-09-21 00:13:32.380669
Bir Jdid,33.3737,-8.0002,2026-09-25,29.3,18.4,0.0,0,19.7,38.9,45,2026-09-21 00:13:32.380669
Bir Jdid,33.3737,-8.0002,2026-09-26,28.0,18.6,0.0,0,16.1,34.2,45,2026-09-21 00:13:32.380669
Bir Jdid,33.3737,-8.0002,2026-09-27,26.2,19.4,0.0,4,15.8,30.6,45,2026-09-21 00:13:32.380669
Bou Arfa,32.531,-1.9631,2026-09-21,27.9,15.5,0.0,0,18.8,29.2,3,2026-09-21 00:13:32.604489
Bou Arfa,32.531,-1.9631,2026-09-22,26.5,15.1,0.0,3,12.0,18.4,3,2026-09-21 00:13:32.604489
Bou Arfa,32.531,-1.9631,2026-09-23,27.6,14.0,0.0,0,10.8,15.8,1,2026-09-21 00:13:32.604489
Bou Arfa,32.531,-1.9631,2026-09-24,28.5,14.5,0.0,0,15.9,24.5,2,2026-09-21 00:13:32.604489
Bou Arfa,32.531,-1.9631,2026-09-25,27.9,16.3,0.0,2,16.0,28.1,2,2026-09-21 00:13:32.604489
Bou Arfa,32.531,-1.9631,2026-09-26,25.8,16.2,1.8,7,12.2,25.6,80,2026-09-21 00:13:32.604489
Bou Arfa,32.531,-1.9631,2026-09-27,27.1,14.2,1.2,13,21.7,34.9,3,2026-09-21 00:13:32.604489
Tahannawt,31.3514,-7.9508,2026-09-21,33.8,22.5,0.0,10,21.2,42.5,3,2026-09-21 00:13:32.923324
Tahannawt,31.3514,-7.9508,2026-09-22,33.3,19.9,0.0,0,16.6,31.0,0,2026-09-21 00:13:32.923324
Tahannawt,31.3514,-7.9508,2026-09-23,32.7,18.9,0.0,0,13.0,25.2,0,2026-09-21 00:13:32.923324
Tahannawt,31.3514,-7.9508,2026-09-24,32.5,18.6,0.0,0,13.6,25.6,1,2026-09-21 00:13:32.923324
Tahannawt,31.3514,-7.9508,2026-09-25,32.9,19.0,0.0,0,15.3,28.4,3,2026-09-21 00:13:32.923324
Tahannawt,31.3514,-7.9508,2026-09-26,30.1,19.5,0.0,0,13.1,28.4,3,2026-09-21 00:13:32.923324
Tahannawt,31.3514,-7.9508,2026-09-27,29.5,18.0,0.0,7,14.1,26.3,3,2026-09-21 00:13:32.923324
Arfoud,31.4361,-4.2328,2026-09-21,33.0,20.5,0.1,18,11.3,20.5,3,2026-09-21 00:13:33.228950
Arfoud,31.4361,-4.2328,2026-09-22,32.2,21.2,0.0,0,9.8,15.5,3,2026-09-21 00:13:33.228950
Arfoud,31.4361,-4.2328,2026-09-23,31.3,20.0,0.0,0,11.5,18.4,2,2026-09-21 00:13:33.228950
Arfoud,31.4361,-4.2328,2026-09-24,32.4,21.4,0.0,0,11.6,19.8,2,2026-09-21 00:13:33.228950
Arfoud,31.4361,-4.2328,2026-09-25,33.5,22.4,0.0,0,12.6,20.9,3,2026-09-21 00:13:33.228950
Arfoud,31.4361,-4.2328,2026-09-26,31.5,23.6,0.0,8,20.5,35.3,3,2026-09-21 00:13:33.228950
Arfoud,31.4361,-4.2328,2026-09-27,30.0,20.3,0.0,8,14.5,23.8,3,2026-09-21 00:13:33.228950
Tahla,34.05,-4.42,2026-09-21,33.3,20.1,0.0,0,16.4,31.7,1,2026-09-21 00:13:33.430904
Tahla,34.05,-4.42,2026-09-22,32.3,18.6,0.0,0,10.5,20.5,2,2026-09-21 00:13:33.430904
Tahla,34.05,-4.42,2026-09-23,33.0,17.9,0.0,0,19.2,36.4,2,2026-09-21 00:13:33.430904
Tahla,34.05,-4.42,2026-09-24,33.5,18.5,0.0,0,20.3,40.3,0,2026-09-21 00:13:33.430904
Tahla,34.05,-4.42,2026-09-25,34.6,17.3,0.0,0,20.5,40.1,1,2026-09-21 00:13:33.430904
Tahla,34.05,-4.42,2026-09-26,34.2,17.9,0.0,0,19.2,41.4,3,2026-09-21 00:13:33.430904
Tahla,34.05,-4.42,2026-09-27,29.0,18.1,0.0,3,11.3,21.6,3,2026-09-21 00:13:33.430904
Missour,33.05,-3.9908,2026-09-21,30.2,17.8,0.0,0,23.7,38.2,45,2026-09-21 00:13:33.638956
Missour,33.05,-3.9908,2026-09-22,29.8,16.1,0.0,0,21.4,32.8,1,2026-09-21 00:13:33.638956
Missour,33.05,-3.9908,2026-09-23,31.0,14.7,0.0,0,22.4,34.2,2,2026-09-21 00:13:33.638956
Missour,33.05,-3.9908,2026-09-24,31.7,15.8,0.0,0,32.3,50.8,1,2026-09-21 00:13:33.638956
Missour,33.05,-3.9908,2026-09-25,30.7,15.6,0.0,0,25.4,39.3,3,2026-09-21 00:13:33.638956
Missour,33.05,-3.9908,2026-09-26,31.2,16.5,0.0,0,10.3,20.9,3,2026-09-21 00:13:33.638956
Missour,33.05,-3.9908,2026-09-27,30.7,17.5,0.0,7,22.7,34.9,3,2026-09-21 00:13:33.638956
Sidi Lmokhtar,31.57,-9.01,2026-09-21,38.0,22.4,0.0,0,21.8,37.1,3,2026-09-21 00:13:33.871535
Sidi Lmokhtar,31.57,-9.01,2026-09-22,37.5,20.2,0.0,0,19.8,33.5,1,2026-09-21 00:13:33.871535
Sidi Lmokhtar,31.57,-9.01,2026-09-23,35.8,19.0,0.0,0,19.8,33.5,3,2026-09-21 00:13:33.871535
Sidi Lmokhtar,31.57,-9.01,2026-09-24,35.5,19.3,0.0,0,16.6,30.2,0,2026-09-21 00:13:33.871535
Sidi Lmokhtar,31.57,-9.01,2026-09-25,34.9,20.5,0.0,0,18.0,31.0,3,2026-09-21 00:13:33.871535
Sidi Lmokhtar,31.57,-9.01,2026-09-26,31.8,19.6,0.0,0,21.4,38.5,3,2026-09-21 00:13:33.871535
Sidi Lmokhtar,31.57,-9.01,2026-09-27,31.1,18.4,0.0,3,19.7,31.7,3,2026-09-21 00:13:33.871535
Douar Toulal,33.8951,-5.6021,2026-09-21,35.9,21.0,0.0,0,16.9,38.2,2,2026-09-21 00:13:34.083431
Douar Toulal,33.8951,-5.6021,2026-09-22,33.6,18.4,0.0,0,14.7,33.5,3,2026-09-21 00:13:34.083431
Douar Toulal,33.8951,-5.6021,2026-09-23,34.3,18.2,0.0,0,15.0,34.2,3,2026-09-21 00:13:34.083431
Douar Toulal,33.8951,-5.6021,2026-09-24,34.9,18.1,0.0,0,14.6,33.5,0,2026-09-21 00:13:34.083431
Douar Toulal,33.8951,-5.6021,2026-09-25,35.7,17.8,0.0,0,17.1,38.2,3,2026-09-21 00:13:34.083431
Douar Toulal,33.8951,-5.6021,2026-09-26,33.5,16.3,0.0,0,17.2,33.1,3,2026-09-21 00:13:34.083431
Douar Toulal,33.8951,-5.6021,2026-09-27,29.7,18.0,0.0,3,12.7,24.5,3,2026-09-21 00:13:34.083431
Oulad Yaïch,32.4167,-6.3333,2026-09-21,37.4,23.1,0.0,0,13.0,25.2,2,2026-09-21 00:13:34.282964
Oulad Yaïch,32.4167,-6.3333,2026-09-22,36.3,21.7,0.0,0,9.2,18.4,2,2026-09-21 00:13:34.282964
Oulad Yaïch,32.4167,-6.3333,2026-09-23,36.7,20.4,0.0,0,9.2,18.0,0,2026-09-21 00:13:34.282964
Oulad Yaïch,32.4167,-6.3333,2026-09-24,37.3,19.7,0.0,0,8.6,17.3,0,2026-09-21 00:13:34.282964
Oulad Yaïch,32.4167,-6.3333,2026-09-25,37.3,20.1,0.0,0,9.6,24.1,3,2026-09-21 00:13:34.282964
Oulad Yaïch,32.4167,-6.3333,2026-09-26,33.9,24.0,0.0,3,18.4,35.3,3,2026-09-21 00:13:34.282964
Oulad Yaïch,32.4167,-6.3333,2026-09-27,32.3,22.0,0.0,9,16.7,31.7,3,2026-09-21 00:13:34.282964
Zawyat ech Cheïkh,32.6541,-5.9214,2026-09-21,34.8,18.5,0.0,3,14.0,26.6,3,2026-09-21 00:13:34.478365
Zawyat ech Cheïkh,32.6541,-5.9214,2026-09-22,33.4,16.9,0.0,0,9.4,18.7,2,2026-09-21 00:13:34.478365
Zawyat ech Cheïkh,32.6541,-5.9214,2026-09-23,34.2,15.9,0.0,0,10.3,19.8,0,2026-09-21 00:13:34.478365
Zawyat ech Cheïkh,32.6541,-5.9214,2026-09-24,34.8,14.9,0.0,0,12.6,24.1,0,2026-09-21 00:13:34.478365
Zawyat ech Cheïkh,32.6541,-5.9214,2026-09-25,34.8,14.9,0.0,0,8.9,16.9,3,2026-09-21 00:13:34.478365
Zawyat ech Cheïkh,32.6541,-5.9214,2026-09-26,33.3,17.7,0.0,0,15.7,30.2,3,2026-09-21 00:13:34.478365
Zawyat ech Cheïkh,32.6541,-5.9214,2026-09-27,31.5,19.7,0.0,3,18.5,31.3,3,2026-09-21 00:13:34.478365
Imi-n-Tanout,31.177,-8.8504,2026-09-21,34.2,23.8,0.0,0,25.3,43.2,3,2026-09-21 00:13:34.682439
Imi-n-Tanout,31.177,-8.8504,2026-09-22,33.6,22.9,0.0,0,22.7,38.9,1,2026-09-21 00:13:34.682439
Imi-n-Tanout,31.177,-8.8504,2026-09-23,33.1,21.3,0.0,0,17.4,29.5,3,2026-09-21 00:13:34.682439
Imi-n-Tanout,31.177,-8.8504,2026-09-24,32.1,21.4,0.0,0,18.1,30.6,0,2026-09-21 00:13:34.682439
Imi-n-Tanout,31.177,-8.8504,2026-09-25,31.9,22.0,0.0,0,20.0,35.3,3,2026-09-21 00:13:34.682439
Imi-n-Tanout,31.177,-8.8504,2026-09-26,29.6,20.0,0.0,0,22.8,38.2,3,2026-09-21 00:13:34.682439
Imi-n-Tanout,31.177,-8.8504,2026-09-27,29.0,18.8,0.0,4,21.7,35.6,3,2026-09-21 00:13:34.682439
Sebt Gzoula,32.1219,-9.0889,2026-09-21,35.1,22.2,0.0,0,14.7,28.4,3,2026-09-21 00:13:34.923892
Sebt Gzoula,32.1219,-9.0889,2026-09-22,37.0,19.6,0.0,0,14.8,28.8,1,2026-09-21 00:13:34.923892
Sebt Gzoula,32.1219,-9.0889,2026-09-23,33.8,18.7,0.0,0,14.2,27.7,3,2026-09-21 00:13:34.923892
Sebt Gzoula,32.1219,-9.0889,2026-09-24,33.8,19.1,0.0,0,14.6,28.8,0,2026-09-21 00:13:34.923892
Sebt Gzoula,32.1219,-9.0889,2026-09-25,34.8,19.3,0.0,0,15.9,32.0,3,2026-09-21 00:13:34.923892
Sebt Gzoula,32.1219,-9.0889,2026-09-26,30.1,20.0,0.0,0,16.0,31.7,45,2026-09-21 00:13:34.923892
Sebt Gzoula,32.1219,-9.0889,2026-09-27,30.8,17.8,0.0,5,16.1,29.5,45,2026-09-21 00:13:34.923892
Tifariti,26.158,-10.567,2026-09-21,39.9,27.9,0.0,0,26.5,42.8,3,2026-09-21 00:13:35.285100
Tifariti,26.158,-10.567,2026-09-22,38.9,27.0,0.0,0,21.6,36.0,3,2026-09-21 00:13:35.285100
Tifariti,26.158,-10.567,2026-09-23,39.2,26.6,0.0,0,20.4,31.3,3,2026-09-21 00:13:35.285100
Tifariti,26.158,-10.567,2026-09-24,38.8,25.6,0.0,0,25.2,38.5,3,2026-09-21 00:13:35.285100
Tifariti,26.158,-10.567,2026-09-25,38.6,23.4,0.0,0,22.6,40.0,3,2026-09-21 00:13:35.285100
Tifariti,26.158,-10.567,2026-09-26,38.0,26.9,0.4,2,20.3,34.2,51,2026-09-21 00:13:35.285100
Tifariti,26.158,-10.567,2026-09-27,30.3,22.5,2.2,2,28.3,45.4,53,2026-09-21 00:13:35.285100
